-- phpMyAdmin SQL Dump
-- version 4.9.7
-- https://www.phpmyadmin.net/
--
-- Hôte : localhost:8889
-- Généré le : mer. 28 avr. 2021 à 11:17
-- Version du serveur :  5.7.32
-- Version de PHP : 7.4.12

SET SQL_MODE = "NO_AUTO_VALUE_ON_ZERO";
SET time_zone = "+00:00";


/*!40101 SET @OLD_CHARACTER_SET_CLIENT=@@CHARACTER_SET_CLIENT */;
/*!40101 SET @OLD_CHARACTER_SET_RESULTS=@@CHARACTER_SET_RESULTS */;
/*!40101 SET @OLD_COLLATION_CONNECTION=@@COLLATION_CONNECTION */;
/*!40101 SET NAMES utf8mb4 */;

--
-- Base de données : `blog`
--

-- --------------------------------------------------------

--
-- Structure de la table `article`
--

CREATE TABLE `article` (
  `article_id` int(10) UNSIGNED NOT NULL,
  `title` varchar(255) NOT NULL,
  `intro` varchar(255) NOT NULL,
  `catchphrase` varchar(255) NOT NULL,
  `content` text NOT NULL,
  `update_date` datetime NOT NULL,
  `publication` tinyint(1) NOT NULL,
  `user_id` int(10) UNSIGNED NOT NULL
) ENGINE=InnoDB DEFAULT CHARSET=utf8;

--
-- Déchargement des données de la table `article`
--

INSERT INTO `article` (`article_id`, `title`, `intro`, `catchphrase`, `content`, `update_date`, `publication`, `user_id`) VALUES
(39, 'Création du Blog CoyoTech', 'Découvrons ensemble le pourquoi du comment de ce Blog...', 'Ce Blog est en fait le projet 5 de ma formation Développeur d\'Applications PHP/Symfony', '<p>Cet article va vous permettre d&#39;en savoir plus sur le contexte ainsi que les imp&eacute;ratifs de la conception de ce Blog.</p>\r\n\r\n<p><strong>Contexte</strong></p>\r\n\r\n<p>&Ccedil;a y est, vous avez saut&eacute; le pas ! Le monde du d&eacute;veloppement web avec PHP est &agrave; port&eacute;e de main et vous avez besoin de visibilit&eacute; pour pouvoir convaincre vos futurs employeurs/clients en un seul regard. Vous &ecirc;tes d&eacute;veloppeur PHP, il est donc temps de montrer vos talents au travers d&rsquo;un blog &agrave; vos couleurs.</p>\r\n\r\n<p><strong>Description du besoin</strong></p>\r\n\r\n<p>Le projet est donc de d&eacute;velopper votre blog professionnel. Ce site web se d&eacute;compose en deux grands groupes de pages :</p>\r\n\r\n<ul>\r\n	<li>les pages utiles &agrave; tous les visiteurs ;</li>\r\n	<li>les pages permettant d&rsquo;administrer votre blog.</li>\r\n</ul>\r\n\r\n<p>Voici la liste des pages qui devront &ecirc;tre accessibles depuis votre site web :</p>\r\n\r\n<ul>\r\n	<li>la page d&#39;accueil ;</li>\r\n	<li>la page listant l&rsquo;ensemble des blog posts ;</li>\r\n	<li>la page affichant un blog post ;</li>\r\n	<li>la page permettant d&rsquo;ajouter un blog post ;</li>\r\n	<li>la page permettant de modifier un blog post ;</li>\r\n	<li>les pages permettant de modifier/supprimer un blog post ;</li>\r\n	<li>les pages de connexion/enregistrement des utilisateurs.</li>\r\n</ul>\r\n\r\n<p>Vous d&eacute;velopperez une partie administration qui devra &ecirc;tre accessible uniquement aux utilisateurs inscrits et valid&eacute;s.</p>\r\n\r\n<p>Les pages d&rsquo;administration seront donc accessibles sur conditions et vous veillerez &agrave; la s&eacute;curit&eacute; de la partie administration.</p>\r\n\r\n<p>Commen&ccedil;ons par les pages utiles &agrave; tous les internautes.</p>\r\n\r\n<p>Sur la page d&rsquo;accueil, il faudra pr&eacute;senter les informations suivantes :</p>\r\n\r\n<ul>\r\n	<li>votre nom et votre pr&eacute;nom ;</li>\r\n	<li>une photo et/ou un logo ;</li>\r\n	<li>une phrase d&rsquo;accroche qui vous ressemble (exemple : &ldquo;Martin Durand, le d&eacute;veloppeur qu&rsquo;il vous faut !&rdquo;) ;</li>\r\n	<li>un menu permettant de naviguer parmi l&rsquo;ensemble des pages de votre site web ;</li>\r\n	<li>un formulaire de contact (&agrave; la soumission de ce formulaire, un e-mail avec toutes ces informations vous sera envoy&eacute;) avec les champs suivants :</li>\r\n</ul>\r\n\r\n<ol>\r\n	<li>nom/pr&eacute;nom,</li>\r\n	<li>e-mail de contact,</li>\r\n	<li>message,</li>\r\n</ol>\r\n\r\n<ul>\r\n	<li>un lien vers votre CV au format PDF ;</li>\r\n	<li>et l&rsquo;ensemble des liens vers les r&eacute;seaux sociaux o&ugrave; l&rsquo;on peut vous suivre (GitHub, LinkedIn, Twitter&hellip;).</li>\r\n</ul>\r\n\r\n<p>Sur la page listant tous les blogs posts (du plus r&eacute;cent au plus ancien), il faut afficher les informations suivantes pour chaque blog post :</p>\r\n\r\n<ul>\r\n	<li>le titre ;</li>\r\n	<li>la date de derni&egrave;re modification ;</li>\r\n	<li>le ch&acirc;po ;</li>\r\n	<li>et un lien vers le blog post.</li>\r\n</ul>\r\n\r\n<p>Sur la page pr&eacute;sentant le d&eacute;tail d&rsquo;un blog post, il faut afficher les informations suivantes :</p>\r\n\r\n<ul>\r\n	<li>le titre ;</li>\r\n	<li>le chap&ocirc; ;</li>\r\n	<li>le contenu ;</li>\r\n	<li>l&rsquo;auteur ;</li>\r\n	<li>la date de derni&egrave;re mise &agrave; jour ;</li>\r\n	<li>le formulaire permettant d&rsquo;ajouter un commentaire (soumis pour validation) ;</li>\r\n	<li>les listes des commentaires valid&eacute;s et publi&eacute;s.</li>\r\n</ul>\r\n\r\n<p>Sur la page permettant de modifier un blog post, l&rsquo;utilisateur a la possibilit&eacute; de modifier les champs titre, chap&ocirc;, auteur et contenu.</p>\r\n\r\n<p>Dans le footer menu, il doit figurer un lien pour acc&eacute;der &agrave; l&rsquo;administration du blog.</p>\r\n\r\n<p><strong>Contraintes</strong></p>\r\n\r\n<p>Cette fois-ci, nous n&rsquo;utiliserons pas WordPress. Tout sera d&eacute;velopp&eacute; par vos soins. Les seules lignes de code qui pourront provenir d&rsquo;ailleurs seront celles du th&egrave;me Bootstrap, que vous prendrez grand soin de choisir. La pr&eacute;sentation, &ccedil;a compte ! Il est &eacute;galement autoris&eacute; d&rsquo;utiliser une ou plusieurs librairies externes &agrave; condition qu&rsquo;elles soient int&eacute;gr&eacute;es gr&acirc;ce &agrave;&nbsp;Composer.</p>\r\n\r\n<p>Attention, votre blog doit &ecirc;tre navigable ais&eacute;ment sur un mobile (t&eacute;l&eacute;phone mobile, phablette, tablette&hellip;). C&rsquo;est indispensable ! C&rsquo;est indispensable&nbsp;</p>\r\n\r\n<p>Nous vous conseillons vivement d&rsquo;utiliser un moteur de templating tel que Twig, mais ce n&rsquo;est pas obligatoire.</p>\r\n\r\n<p>Sur la partie administration, vous veillerez &agrave; ce que seules les personnes ayant le droit &ldquo;administrateur&rdquo; aient l&rsquo;acc&egrave;s ; les autres utilisateurs pourront uniquement commenter les articles (avec validation avant publication).</p>\r\n\r\n<p><strong>Important</strong> :&nbsp;Vous vous assurerez qu&rsquo;il n&rsquo;y a pas de failles de s&eacute;curit&eacute; (XSS, CSRF, SQL Injection, session hijacking, upload possible de script PHP&hellip;).</p>\r\n\r\n<p>Votre projet doit &ecirc;tre pouss&eacute; et disponible sur GitHub. Je vous conseille de travailler avec des pull requests. Dans la mesure o&ugrave; la majorit&eacute; des communications concernant les projets sur GitHub se font en anglais, il faut que vos commits soient en anglais.</p>\r\n\r\n<p>Vous devrez cr&eacute;er l&rsquo;ensemble des issues (tickets) correspondant aux t&acirc;ches que vous aurez &agrave; effectuer pour mener &agrave; bien le projet.</p>\r\n\r\n<p>Veillez &agrave; bien valider vos tickets pour vous assurer que ceux-ci couvrent bien toutes les demandes du projet. Donnez une estimation indicative en temps ou en points d&rsquo;effort (si la m&eacute;thodologie agile vous est famili&egrave;re) et tentez de tenir cette estimation.</p>\r\n\r\n<p>L&rsquo;&eacute;criture de ces tickets vous permettra de vous accorder sur un vocabulaire commun. Il est fortement appr&eacute;ci&eacute; qu&rsquo;ils soient &eacute;crits en anglais !</p>\r\n\r\n<p><strong>Nota Bene</strong></p>\r\n\r\n<p>Votre projet devra &ecirc;tre suivi via&nbsp;SymfonyInsight, ou&nbsp;Codacy&nbsp;pour la qualit&eacute; du code. Vous veillerez &agrave; obtenir une m&eacute;daille d&#39;argent au minimum (pour SymfonyInsight). En compl&eacute;ment, le respect des PSR est recommand&eacute; afin de proposer un code compr&eacute;hensible et facilement &eacute;volutif.</p>\r\n\r\n<p>Si vous n&rsquo;arrivez pas &agrave; vous d&eacute;cider sur le th&egrave;me Bootstrap, en voici un qui pourrait vous convenir&nbsp;http://bit.ly/2emOTxY&nbsp;(source : startbootstrap.com).</p>\r\n\r\n<p>Dans le cas o&ugrave; une fonctionnalit&eacute; vous semblerait mal expliqu&eacute;e ou manquante, parlez-en avec votre mentor afin de prendre une d&eacute;cision ensemble concernant les choix que vous souhaiteriez faire. Ce qui doit pr&eacute;valoir doit &ecirc;tre les d&eacute;lais.</p>\r\n\r\n<p><strong>De l&#39;aide pour aborder le projet &eacute;tape par &eacute;tape</strong></p>\r\n\r\n<p>Afin de fluidifier votre avancement voici une proposition de mani&egrave;re de travailler :</p>\r\n\r\n<ul>\r\n	<li>&Eacute;tape 1&nbsp;- Prenez connaissance enti&egrave;rement de l&rsquo;&eacute;nonc&eacute; et des sp&eacute;cifications d&eacute;taill&eacute;es.</li>\r\n	<li>&Eacute;tape 2&nbsp;- Cr&eacute;ez les diagrammes UML.</li>\r\n	<li>&Eacute;tape 3&nbsp;- Cr&eacute;ez le repository GitHub pour le projet.</li>\r\n	<li>&Eacute;tape 4&nbsp;- Cr&eacute;ez l&rsquo;ensemble des issues sur le repository GitHub.</li>\r\n	<li>&Eacute;tape 5&nbsp;- Faites les estimations de l&rsquo;ensemble de vos issues.</li>\r\n	<li>&Eacute;tape 6&nbsp;- Entamez le d&eacute;veloppement de l&rsquo;application et proposez des pull requests pour chacune des fonctionnalit&eacute;s/issues. (L&rsquo;estimation se fera au fur et &agrave; mesure de votre d&eacute;veloppement et sera discut&eacute;e avec votre mentor.)</li>\r\n	<li>&Eacute;tape 7&nbsp;- Faites relire votre code &agrave; votre mentor (code propos&eacute; dans la ou les pull requests), et une fois valid&eacute;e(s) mergez la ou les pull requests dans la branche principale. (Cette relecture servira &agrave; valider votre impl&eacute;mentation des bonnes pratiques et la coh&eacute;rence de votre code. La validation se fera en continu durant les sessions.)</li>\r\n	<li>&Eacute;tape 8&nbsp;- Validez la qualit&eacute; du code via SymfonyInsight ou Codacy.</li>\r\n	<li>&Eacute;tape 9&nbsp;- Effectuez une d&eacute;monstration de l&rsquo;ensemble de l&rsquo;application.</li>\r\n	<li>&Eacute;tape 10&nbsp;- Pr&eacute;parez l&rsquo;ensemble de vos livrables et soumettez-les sur la plateforme.</li>\r\n</ul>\r\n\r\n<p><br />\r\nPrenez le temps de valider chaque &eacute;tape avec votre mentor afin de vous assurer que vous avancez dans la bonne direction&nbsp;</p>\r\n\r\n<p><strong>Livrables</strong></p>\r\n\r\n<ul>\r\n	<li>Un lien vers l&rsquo;ensemble du projet (fichiers PHP/HTML/JS/CSS&hellip;) sur un repository GitHub</li>\r\n	<li>Les instructions pour installer le projet (dans un fichier README &agrave; la racine du projet)</li>\r\n	<li>Les sch&eacute;mas UML (au format PNG ou JPG dans un dossier nomm&eacute; &ldquo;diagrammes&rdquo; &agrave; la racine du projet)</li>\r\n</ul>\r\n\r\n<ol>\r\n	<li>&nbsp;diagrammes de cas d&rsquo;utilisation</li>\r\n	<li>diagramme de classes</li>\r\n	<li>&nbsp;diagrammes de s&eacute;quence</li>\r\n</ol>\r\n\r\n<ul>\r\n	<li>Les issues sur le repository GitHub que vous aurez cr&eacute;&eacute;</li>\r\n	<li>Un lien vers la derni&egrave;re analyse SymfonyInsight ou Codacy (ou vers le projet public sur la plateforme)</li>\r\n</ul>\r\n\r\n<p><strong>Conclusion</strong></p>\r\n\r\n<p>Je compte cr&eacute;er tr&egrave;s prochainement une cat&eacute;gorie &quot;Projets&quot; dans laquelle seront regroup&eacute;es toutes mes cr&eacute;ations, pr&eacute;sentes et &agrave; venir, qu&#39;elles soient personnelles ou con&ccedil;ues dans le cadre de mes parcours de formation.<br />\r\nRestez &agrave; l&#39;affut !</p>\r\n', '2021-04-16 08:40:38', 1, 1),
(46, 'Projet OCR 2 - Développeur d\'applications PHP/Symfony', 'Intégrez un thème Wordpress pour un client', 'Bravo ! Vous venez de vous lancer en tant que développeur freelance et vous avez décroché votre premier contrat.', '<p><span style=\"font-size:16px\"><strong>Vous pouvez d&eacute;couvrir le site <a href=\"https://www.coyotech.fr/chalets-et-caviar/\" style=\"text-decoration: none;\" target=\"_blank\"><span style=\"color:#986dff\">ici</span></a> !</strong></span></p>\r\n\r\n<p>&nbsp;</p>\r\n\r\n<h3>La mission</h3>\r\n\r\n<p>Cette agence poss&egrave;de une quinzaine de chalets de luxe &agrave; la vente et une vingtaine en location.</p>\r\n\r\n<p>Cependant, elle ne poss&egrave;de pas encore de site web pour promouvoir la vente et la location de ses chalets. C&rsquo;est pour cette raison qu&rsquo;elle fait appel &agrave; vous.</p>\r\n\r\n<p>Lors d&rsquo;une premi&egrave;re r&eacute;union, vous rencontrez Marie, la directrice de l&rsquo;agence.&nbsp; Voici l&rsquo;&eacute;change de mails que vous recevez suite &agrave; cette r&eacute;union.</p>\r\n\r\n<p>&nbsp;</p>\r\n\r\n<table>\r\n	<tbody>\r\n		<tr>\r\n			<td>\r\n			<p><strong>De : Marie D.</strong></p>\r\n\r\n			<p><strong>&Agrave; : Moi</strong></p>\r\n\r\n			<p>--------------------------------------------------------------------------------------------------------</p>\r\n\r\n			<p>Bonjour,</p>\r\n\r\n			<p>Je suis ravie de savoir que le projet te plaise. Comme nous en avons discut&eacute;, je souhaite cr&eacute;er un site web pour notre agence &ldquo;Chalets et caviar&rdquo;. J&rsquo;aimerais que mon &eacute;quipe et moi puissions mettre &agrave; jour le site r&eacute;guli&egrave;rement, sans passer par un prestataire.</p>\r\n\r\n			<p>As-tu une recommandation &agrave; me faire pour que les mises &agrave; jour soient le plus simple possible ?</p>\r\n\r\n			<p>Cordialement,&nbsp;</p>\r\n\r\n			<p>Marie Dubois</p>\r\n\r\n			<p>Directrice de l&rsquo;agence Chalets et caviar</p>\r\n\r\n			<p>--------------------------------------------------------------------------------------------------------</p>\r\n\r\n			<p><strong>De : moi</strong></p>\r\n\r\n			<p><strong>&Agrave; : Marie</strong></p>\r\n\r\n			<p>------------------------------------------------------------------------------------------------------</p>\r\n\r\n			<p>Bonjour Marie,</p>\r\n\r\n			<p>Pour que vous puissiez mettre &agrave; jour votre site facilement, sans passer par un prestataire externe, je vous recommande un site Wordpress.</p>\r\n\r\n			<p>Peux-tu me donner plus de d&eacute;tails sur le design du site que tu recherches ? Cela me permettra de te proposer le th&egrave;me Wordpress le plus adapt&eacute; &agrave; tes besoins.</p>\r\n\r\n			<p>Merci.</p>\r\n\r\n			<p>-------------------------------------------------------------------------------------------------------</p>\r\n\r\n			<p><strong>De : Marie&nbsp;</strong></p>\r\n\r\n			<p><strong>&Agrave; : Moi</strong></p>\r\n\r\n			<p>-------------------------------------------------------------------------------------------------------</p>\r\n\r\n			<p>Bonjour,</p>\r\n\r\n			<p>Je souhaite un design clair et &eacute;pur&eacute;, qui montre la ligne luxe de l&rsquo;agence. J&rsquo;aimerais que tu me pr&eacute;sentes la premi&egrave;re version en ligne du site avec les &eacute;l&eacute;ments suivants :&nbsp;</p>\r\n\r\n			<ul>\r\n				<li>une section avec 5 chalets &agrave; louer ;</li>\r\n				<li>une section avec 5 chalets &agrave; vendre ;</li>\r\n				<li>une page de contact avec les coordonn&eacute;es de l&rsquo;agence et un formulaire de contact fonctionnel.</li>\r\n			</ul>\r\n\r\n			<p>&nbsp;</p>\r\n\r\n			<p>Pour que ce soit plus facile pour nous de collaborer sur les diff&eacute;rentes offres, pourras-tu t&rsquo;assurer de bien utiliser des cat&eacute;gories s&eacute;par&eacute;es pour que chacun retrouve ses petits ?</p>\r\n\r\n			<p>Tu trouveras en pi&egrave;ce jointe un dossier contenant les&nbsp;<a href=\"https://s3-eu-west-1.amazonaws.com/course.oc-static.com/projects/P2_Prep_fullstack/Visuels+chalets-20190627T080943Z-001+(1).zip\" style=\"color:#986dff\">visuels</a>&nbsp;de nos chalets ainsi qu&rsquo;un&nbsp;<a href=\"https://s3-eu-west-1.amazonaws.com/course.oc-static.com/projects/P2_Prep_fullstack/Pre%CC%81sentation+des+chalets.pdf\" style=\"color:#986dff\">document</a>&nbsp;avec leurs caract&eacute;ristiques.</p>\r\n\r\n			<p>&nbsp;</p>\r\n\r\n			<p>Merci,&nbsp;</p>\r\n\r\n			<p>Marie Dubois</p>\r\n\r\n			<p>Directrice de l&rsquo;agence Chalets et caviar</p>\r\n\r\n			<p>--------------------------------------------------------------------------------------------------------</p>\r\n\r\n			<p><strong>De : Moi</strong></p>\r\n\r\n			<p><strong>&Agrave; : Marie Dubois</strong></p>\r\n\r\n			<p>--------------------------------------------------------------------------------------------------------</p>\r\n\r\n			<p>Bonjour Marie,</p>\r\n\r\n			<p>Merci, j&rsquo;ai bien pris en note toutes les informations. Je te pr&eacute;parerai un document pr&eacute;sentant le th&egrave;me wordpress et montrant que cela correspond bien &agrave; tes attentes en termes de design.</p>\r\n\r\n			<p>Y a-t-il d&rsquo;autres &eacute;l&eacute;ments que je dois prendre en compte pour la cr&eacute;ation du site ?</p>\r\n\r\n			<p>--------------------------------------------------------------------------------------------------------</p>\r\n\r\n			<p><strong>De : Marie&nbsp;</strong></p>\r\n\r\n			<p><strong>&Agrave; : Moi</strong></p>\r\n\r\n			<p>--------------------------------------------------------------------------------------------------------</p>\r\n\r\n			<p>Oui, tout d&#39;abord, il faut que l&#39;ont puisse &eacute;diter plusieurs articles en m&ecirc;me temps pour faciliter la mise &agrave; jour du site par l&rsquo;&eacute;quipe (ajout, suppression et modification de chalets). De plus, pourrais-tu ajouter des droits d&rsquo;administrateur selon les r&egrave;gles suivantes :&nbsp;</p>\r\n\r\n			<ul>\r\n				<li>un compte administrateur pour la directrice de l&#39;agence ;</li>\r\n				<li>un compte administrateur pour le d&eacute;veloppeur (toi) s&#39;il n&#39;existe pas d&eacute;j&agrave; ;</li>\r\n				<li>des comptes &eacute;diteurs pour les 2 autres collaborateurs de l&#39;agence ?</li>\r\n			</ul>\r\n\r\n			<p>Pourrais-tu &eacute;galement me fournir un document contenant les instructions de mise &agrave; jour ? 3 &agrave; 5 pages devraient suffire. N&rsquo;oublie pas qu&rsquo;on ne conna&icirc;t rien au d&eacute;veloppement, donc je veux bien toutes les &eacute;tapes d&eacute;taill&eacute;es, si possible avec des captures d&rsquo;&eacute;cran !</p>\r\n			&nbsp;\r\n\r\n			<p>Merci,</p>\r\n\r\n			<p>Marie Dubois</p>\r\n\r\n			<p>Directrice de l&rsquo;agence Chalets et caviar</p>\r\n			</td>\r\n		</tr>\r\n	</tbody>\r\n</table>\r\n\r\n<p>Vous avez tous les &eacute;l&eacute;ments pour vous lancer dans cette mission&hellip; C&rsquo;est parti !</p>\r\n\r\n<p>&nbsp;</p>\r\n\r\n<h3>Livrables</h3>\r\n\r\n<p>Pour ce projet, vous fournirez un dossier compress&eacute; en ZIP, contenant :</p>\r\n\r\n<ul>\r\n	<li>le<strong>&nbsp;code</strong>&nbsp;HTML / CSS / PHP complet du site web Wordpress ;</li>\r\n	<li>l&rsquo;<strong>URL</strong>&nbsp;du site h&eacute;berg&eacute; en ligne ;</li>\r\n	<li>la&nbsp;<strong>documentation</strong>&nbsp;PDF d&#39;utilisation du site Wordpress pour l&#39;agence ;</li>\r\n	<li>un fichier pr&eacute;sentant le&nbsp;<strong>th&egrave;me choisi</strong>&nbsp;et expliquant pourquoi il a &eacute;t&eacute; choisi.</li>\r\n</ul>\r\n\r\n<p>Si vous avez d&eacute;marr&eacute; votre projet avant le&nbsp;<strong>3 septembre 2020</strong>, vous n&#39;&ecirc;tes pas contraints de permettre &agrave; l&#39;utilisateur d&#39;&eacute;diter plusieurs annonces de chalets &agrave; la fois. Les consignes n&#39;&eacute;taient pas claires &agrave; ce propos avant cette date.</p>\r\n\r\n<p>Si vous n&rsquo;&ecirc;tes pas certain de savoir comment h&eacute;berger votre site, vous pouvez utiliser&nbsp;<a href=\"https://fr.000webhost.com/\" style=\"color:#986dff\">webhost&nbsp;</a>qui propose un h&eacute;bergement gratuit pour&nbsp;<a href=\"http://wordpress.org/\" style=\"color:#986dff\">wordpress.org</a>. Il faut bien choisir les option&nbsp;<em>&lsquo;blog&rsquo;</em>&nbsp;et&nbsp;<em>&lsquo;d&eacute;butant&rsquo;</em>. Nous ne sommes pas affili&eacute;s &agrave; webhost et vous &ecirc;tes libre d&rsquo;utiliser l&rsquo;h&eacute;bergeur de votre choix ou votre propre serveur.</p>\r\n\r\n<p>Pour faciliter votre passage au jury, d&eacute;posez sur la plateforme, dans un dossier nomm&eacute; &ldquo;<em>PCHALET_nom_prenom</em>&rdquo;, tous les livrables du projet. Chaque livrable doit &ecirc;tre nomm&eacute; avec le num&eacute;ro du projet et selon l&#39;ordre dans lequel il appara&icirc;t, par exemple &ldquo;<em>PCHALET_01_code</em>&rdquo;, &ldquo;<em>PCHALET_02_URL</em>&rdquo;, et ainsi de suite.</p>\r\n\r\n<h3>Soutenance</h3>\r\n\r\n<p>La soutenance, d&rsquo;une dur&eacute;e maximum de 30 minutes, se d&eacute;roulera en deux parties :</p>\r\n\r\n<p><strong>Partie 1 &ndash; 20 minutes. Simulation d&#39;une r&eacute;union professionnelle.</strong></p>\r\n\r\n<p><em>L&rsquo;&eacute;valuateur jouera le r&ocirc;le de Marie, la directrice de l&rsquo;agence Chalets et Caviar (il pourra vous interrompre pour vous poser des questions).</em></p>\r\n\r\n<ul>\r\n	<li>[~ 20 minutes] Vous r&eacute;aliserez une pr&eacute;sentation de votre site web</li>\r\n</ul>\r\n\r\n<p><strong>Partie 2 &ndash; 10 minutes. Retour sur la soutenance :</strong></p>\r\n\r\n<ul>\r\n	<li>&eacute;change de questions/r&eacute;ponses. L&rsquo;&eacute;valuateur pourra revenir sur certains points pour vous questionner sur vos choix ;</li>\r\n	<li>l&rsquo;&eacute;valuateur vous fera un retour sur votre prestation en soutenance.&nbsp;</li>\r\n</ul>\r\n\r\n<h3>Comp&eacute;tences &eacute;valu&eacute;es</h3>\r\n\r\n<ul>\r\n	<li>\r\n	<p>R&eacute;diger une documentation &agrave; l&#39;intention d&#39;utilisateurs non sp&eacute;cialistes</p>\r\n	</li>\r\n	<li>\r\n	<p>S&eacute;lectionner un th&egrave;me Wordpress adapt&eacute; aux besoins du client</p>\r\n	</li>\r\n	<li>\r\n	<p>Adapter un th&egrave;me Wordpress pour respecter les exigences du client</p>\r\n	</li>\r\n</ul>\r\n', '2021-04-16 08:58:43', 1, 1),
(49, 'Projet OCR 3 - Développeur d\'applications PHP/Symfony', 'Analysez les besoins de votre client pour son festival de films', 'Jennifer Edwards est l\'organisatrice du festival des Films de Plein Air. Elle ambitionne de sélectionner et de projeter des films d\'auteur en plein air du 5 au 8 août au parc Monceau à Paris.', '<p><span style=\"font-size:16px\"><strong>Vous pouvez d&eacute;couvrir le site <a href=\"http://www.coyotech.fr/festival-films-plein-air/\" style=\"text-decoration: none;\" target=\"_blank\"><span style=\"color:#986dff\">ici</span></a> !</strong></span></p>\r\n\r\n<p>&nbsp;</p>\r\n\r\n<h3>La mission</h3>\r\n\r\n<p>Son association vient juste d&#39;&ecirc;tre cr&eacute;&eacute;e et elle dispose d&#39;un budget limit&eacute;. Elle a besoin de communiquer en ligne sur son festival, d&#39;annoncer les films projet&eacute;s et de recueillir les r&eacute;servations.</p>\r\n\r\n<p>Voici ce qu&#39;elle vous dit :</p>\r\n\r\n<blockquote>\r\n<p>Mon association &quot;Les Films de Plein Air&quot; vient d&#39;obtenir l&#39;autorisation de projeter au parc Monceau cette ann&eacute;e, chaque soir du 5 au 8 ao&ucirc;t, de 18 heures &agrave; minuit. Je souhaite ainsi faire d&eacute;couvrir des films d&#39;auteur au grand public.</p>\r\n\r\n<p>J&#39;ai besoin de communiquer sur le festival en amont et j&#39;ai besoin pour cela d&#39;une pr&eacute;sence en ligne avec un site web. Sur ce site, pour lequel il faudra d&eacute;finir une charte graphique, j&#39;ai besoin notamment de pr&eacute;senter le festival, la liste des films et de communiquer r&eacute;guli&egrave;rement sur les derni&egrave;res actualit&eacute;s du festival.</p>\r\n\r\n<p>L&#39;acc&egrave;s aux projections sera gratuit et ouvert &agrave; tous mais&nbsp;je souhaite que le public puisse se pr&eacute;inscrire pour estimer le nombre de personnes pr&eacute;sentes chaque soir.</p>\r\n\r\n<p>Je souhaite avoir une adresse professionnelle en .com ou en .org : je suis preneuse de conseils sur le meilleur choix pour l&#39;adresse et je ne souhaite pas m&#39;occuper de l&#39;h&eacute;bergement.</p>\r\n</blockquote>\r\n\r\n<p>En tant que d&eacute;veloppeur, on vous demande de lister les fonctionnalit&eacute;s dont a besoin la cliente et de proposer une solution technique adapt&eacute;e. Vous devez donc s&eacute;lectionner la solution qui vous semble la plus &agrave; m&ecirc;me de r&eacute;pondre &agrave; son besoin : quels outils utiliser, &eacute;ventuellement un CMS, etc.</p>\r\n\r\n<p>Vous devrez&nbsp;ensuite r&eacute;aliser une premi&egrave;re maquette de ce site correspondant &agrave; ses attentes, en utilisant uniquement HTML et CSS.</p>\r\n\r\n<h3>Livrables</h3>\r\n\r\n<ul>\r\n	<li><strong>Cahier des charges</strong>&nbsp;du projet (PDF)</li>\r\n	<li><strong>Code source</strong>&nbsp;complet du projet (HTML/CSS et autres fichiers n&eacute;cessaires, zipp&eacute;s)</li>\r\n</ul>\r\n\r\n<p>Pour faciliter votre passage au jury, d&eacute;posez sur la plateforme, dans un dossier nomm&eacute; &ldquo;<em>PFILM_nom_prenom</em>&rdquo;, tous les livrables du projet. Chaque livrable doit &ecirc;tre nomm&eacute; avec le num&eacute;ro du projet et selon l&#39;ordre dans lequel il appara&icirc;t, par exemple &ldquo;<em>PFILM_01_cahierdescharges</em>&rdquo;, &ldquo;<em>PFILM_02_codesource</em>&rdquo;, et ainsi de suite.&nbsp;</p>\r\n\r\n<h3>Soutenance</h3>\r\n\r\n<p>&Agrave; l&#39;oral, en condition r&eacute;elle, vous pr&eacute;senterez votre projet. Votre &eacute;valuateur jouera le r&ocirc;le du client.</p>\r\n\r\n<p>La soutenance se d&eacute;roule comme suit :</p>\r\n\r\n<ul>\r\n	<li>La pr&eacute;sentation de votre cahier des charges et votre prototype du site en HTML et CSS : 15-20 minutes</li>\r\n	<li>Un moment questions-r&eacute;ponses : 10 minutes</li>\r\n</ul>\r\n\r\n<p>Votre &eacute;valuateur reprendra son r&ocirc;le de mentor &agrave; la fin de votre &quot;rendez-vous avec le client&quot; pour d&eacute;briefer avec vous pendant 5 minutes.&nbsp;</p>\r\n\r\n<p>&nbsp;</p>\r\n\r\n<h3>Comp&eacute;tences &eacute;valu&eacute;es</h3>\r\n\r\n<ul>\r\n	<li>\r\n	<p>Choisir une solution technique adaptée parmi les solutions existantes si cela est pertinent</p>\r\n	</li>\r\n	<li>\r\n	<p>Analyser un cahier des charges</p>\r\n	</li>\r\n	<li>\r\n	<p>Lister les fonctionnalit&eacute;s demand&eacute;es par un client</p>\r\n	</li>\r\n	<li>\r\n	<p>R&eacute;diger les sp&eacute;cifications détaillées du projet</p>\r\n	</li>\r\n</ul>\r\n', '2021-04-16 08:59:40', 1, 1),
(50, 'Projet OCR 4 - Développeur d\'applications PHP/Symfony', 'Concevez la solution technique d\'une application de restauration en ligne, ExpressFood', 'Vous venez d\'être recruté par la toute jeune startup ExpressFood. Elle ambitionne de livrer des plats de qualité à domicile en moins de 20 minutes grâce à un réseau de livreurs à vélo.', '<h3>La mission</h3>\r\n\r\n<p>Chaque jour, ExpressFood pr&eacute;pare 2 plats et 2 desserts &agrave; son QG en collaboration avec des chefs exp&eacute;riment&eacute;s. Ces plats sont conditionn&eacute;s &agrave; froid puis transmis &agrave; des livreurs &agrave; domicile qui &quot;maraudent&quot; ensuite dans les rues en attendant une livraison. D&egrave;s qu&#39;un client a command&eacute;, l&#39;un des livreurs (qui poss&egrave;de d&eacute;j&agrave; les plats dans un sac) est missionn&eacute; pour livrer en moins de 20 minutes.</p>\r\n\r\n<p>Sur son application, ExpressFood propose &agrave; ses clients de commander un ou plusieurs plats et desserts. Les frais de livraison sont gratuits.&nbsp;Les plats changent chaque jour.</p>\r\n\r\n<p>Une fois la commande pass&eacute;e, le client a acc&egrave;s &agrave; une page lui indiquant si un livreur a pris sa commande et le temps estim&eacute; avant livraison.</p>\r\n\r\n<p>ExpressFood a besoin que vous conceviez sa base de donn&eacute;es. Il s&#39;agit de stocker notamment :</p>\r\n\r\n<ul>\r\n	<li>La liste des clients</li>\r\n	<li>La liste des diff&eacute;rents plats du jour</li>\r\n	<li>La liste des livreurs, avec leur statut (libre, en cours de livraison) et leur position</li>\r\n	<li>La liste des commandes pass&eacute;es</li>\r\n	<li>...</li>\r\n</ul>\r\n\r\n<p>Pour structurer votre r&eacute;flexion, vous utiliserez UML et construirez une suite de diagrammes afin de mod&eacute;liser les besoins de l&rsquo;application et le diagramme de classe pour mod&eacute;liser les entit&eacute;s de l&#39;application. Une fois que les diagrammes vous satisferont, vous r&eacute;aliserez le sch&eacute;ma de base de donn&eacute;es MySQL correspondant, puis vous remplirez la base avec des premi&egrave;res valeurs fictives.</p>\r\n\r\n<p>Vous veillerez &agrave; produire des sch&eacute;mas UML coh&eacute;rents par rapport au cahier des charges et respectant les standards UML. Vous concevrez ensuite un sch&eacute;ma de base de donn&eacute;es SQL ad&eacute;quat.</p>\r\n\r\n<p>Sch&eacute;mas demand&eacute;s :</p>\r\n\r\n<ul>\r\n	<li>Diagrammes de cas d&rsquo;utilisation (cr&eacute;ation d&rsquo;une commande, ajout d&rsquo;un plat du jour, livraison d&rsquo;une commande)</li>\r\n	<li>Mod&egrave;le de donn&eacute;es</li>\r\n	<li>Diagramme de classes</li>\r\n	<li>Diagrammes de s&eacute;quences (cr&eacute;ation d&rsquo;une commande, ajout d&rsquo;un plat du jour, livraison d&rsquo;une commande)</li>\r\n</ul>\r\n\r\n<h3>&nbsp;</h3>\r\n\r\n<h3>Livrables&nbsp;</h3>\r\n\r\n<p>Pour ce projet, vous fournirez un dossier .zip contenant :</p>\r\n\r\n<ul>\r\n	<li>Sch&eacute;ma UML</li>\r\n	<li>Base de donn&eacute;es MySQL avec un jeu de donn&eacute;es de d&eacute;mo</li>\r\n</ul>\r\n\r\n<p>Pour faciliter votre passage au jury, d&eacute;posez sur la plateforme, dans un dossier nomm&eacute; &ldquo;<em>P4_nom_prenom</em>&rdquo;, tous les livrables du projet. Chaque livrable doit &ecirc;tre nomm&eacute; avec le num&eacute;ro du projet et selon l&#39;ordre dans lequel il appara&icirc;t, par exemple &ldquo;<em>P4_01_sch&eacute;maUML</em>&rdquo;, &ldquo;<em>P4_02_basededonn&eacute;es</em>&rdquo;, et ainsi de suite.</p>\r\n\r\n<h3>Soutenance</h3>\r\n\r\n<p>&Agrave; l&#39;oral, en condition r&eacute;elle, vous pr&eacute;senterez votre projet. Votre &eacute;valuateur jouera le r&ocirc;le du client.</p>\r\n\r\n<p>La soutenance se d&eacute;roule comme suit :</p>\r\n\r\n<ul>\r\n	<li>La pr&eacute;sentation de votre base de donn&eacute;es et vos sch&eacute;mas UML : 15-20 minutes</li>\r\n	<li>Un moment questions-r&eacute;ponses : 10 minutes</li>\r\n</ul>\r\n\r\n<p>Votre &eacute;valuateur d&eacute;briefera avec vous pendant 5 minutes &agrave; la fin de la soutenance.</p>\r\n\r\n<h3>Comp&eacute;tences &eacute;valu&eacute;es</h3>\r\n\r\n<ul>\r\n	<li>\r\n	<p>R&eacute;aliser des sch&eacute;mas UML coh&eacute;rents et en accord avec les besoins &eacute;nonc&eacute;s</p>\r\n	</li>\r\n	<li>\r\n	<p>Concevoir l&rsquo;architecture technique d&rsquo;une application &agrave; l&rsquo;aide de diagrammes UML</p>\r\n	</li>\r\n	<li>\r\n	<p>Impl&eacute;menter le sch&eacute;ma de donn&eacute;es dans la base</p>\r\n	</li>\r\n	<li>\r\n	<p>R&eacute;aliser un sch&eacute;ma de conception de la base de donn&eacute;es de l&rsquo;application</p>\r\n	</li>\r\n</ul>\r\n', '2021-04-16 09:00:01', 1, 1),
(51, 'Projet OCR 5 - Développeur d\'applications PHP/Symfony', 'Créez votre premier blog en PHP', 'Vous êtes développeur PHP, il est donc temps de montrer vos talents au travers d’un blog à vos couleurs.', '<h3>Contexte</h3>\r\n\r\n<p>&Ccedil;a y est, vous avez saut&eacute; le pas ! Le monde du d&eacute;veloppement web avec PHP est &agrave; port&eacute;e de main et vous avez besoin de visibilit&eacute; pour pouvoir convaincre vos futurs employeurs/clients en un seul regard. Vous &ecirc;tes d&eacute;veloppeur PHP, il est donc temps de montrer vos talents au travers d&rsquo;un blog &agrave; vos couleurs.</p>\r\n\r\n<h3>Description du besoin</h3>\r\n\r\n<p>Le projet est donc de d&eacute;velopper votre blog professionnel. Ce site web se d&eacute;compose en deux grands groupes de pages :</p>\r\n\r\n<ul>\r\n	<li>les pages utiles &agrave; tous les visiteurs ;</li>\r\n	<li>les pages permettant d&rsquo;administrer votre blog.</li>\r\n</ul>\r\n\r\n<p>Voici la liste des pages qui devront &ecirc;tre accessibles depuis votre site web :</p>\r\n\r\n<ul>\r\n	<li>la page d&#39;accueil ;</li>\r\n	<li>la page listant l&rsquo;ensemble des blog posts ;</li>\r\n	<li>la page affichant un blog post ;</li>\r\n	<li>la page permettant d&rsquo;ajouter un blog post ;</li>\r\n	<li>la page permettant de modifier un blog post ;</li>\r\n	<li>les pages permettant de modifier/supprimer un blog post ;</li>\r\n	<li>les pages de connexion/enregistrement des utilisateurs.</li>\r\n</ul>\r\n\r\n<p>Vous d&eacute;velopperez une partie administration qui devra &ecirc;tre accessible uniquement aux utilisateurs inscrits et valid&eacute;s.</p>\r\n\r\n<p>Les pages d&rsquo;administration seront donc accessibles sur conditions et vous veillerez &agrave; la s&eacute;curit&eacute; de la partie administration.</p>\r\n\r\n<p>Commen&ccedil;ons par les pages utiles &agrave; tous les internautes.</p>\r\n\r\n<p>Sur la page d&rsquo;accueil, il faudra pr&eacute;senter les informations suivantes :</p>\r\n\r\n<ul>\r\n	<li>votre nom et votre pr&eacute;nom ;</li>\r\n	<li>une photo et/ou un logo ;</li>\r\n	<li>une phrase d&rsquo;accroche qui vous ressemble (exemple : &ldquo;Martin Durand, le d&eacute;veloppeur qu&rsquo;il vous faut !&rdquo;) ;</li>\r\n	<li>un menu permettant de naviguer parmi l&rsquo;ensemble des pages de votre site web ;</li>\r\n	<li>un formulaire de contact (&agrave; la soumission de ce formulaire, un e-mail avec toutes ces informations vous sera envoy&eacute;) avec les champs suivants :\r\n	<ul>\r\n		<li>nom/pr&eacute;nom,</li>\r\n		<li>e-mail de contact,</li>\r\n		<li>message,</li>\r\n	</ul>\r\n	</li>\r\n	<li>un lien vers votre CV au format PDF ;</li>\r\n	<li>et l&rsquo;ensemble des liens vers les r&eacute;seaux sociaux o&ugrave; l&rsquo;on peut vous suivre (GitHub, LinkedIn, Twitter&hellip;).</li>\r\n</ul>\r\n\r\n<p>Sur la page listant tous les blogs posts (du plus r&eacute;cent au plus ancien), il faut afficher les informations suivantes pour chaque blog post :</p>\r\n\r\n<ul>\r\n	<li>le titre ;</li>\r\n	<li>la date de derni&egrave;re modification ;</li>\r\n	<li>le ch&acirc;po ;</li>\r\n	<li>et un lien vers le blog post.</li>\r\n</ul>\r\n\r\n<p>Sur la page pr&eacute;sentant le d&eacute;tail d&rsquo;un blog post, il faut afficher les informations suivantes :</p>\r\n\r\n<ul>\r\n	<li>le titre ;</li>\r\n	<li>le chap&ocirc; ;</li>\r\n	<li>le contenu ;</li>\r\n	<li>l&rsquo;auteur ;</li>\r\n	<li>la date de derni&egrave;re mise &agrave; jour ;</li>\r\n	<li>le formulaire permettant d&rsquo;ajouter un commentaire (soumis pour validation) ;</li>\r\n	<li>les listes des commentaires valid&eacute;s et publi&eacute;s.</li>\r\n</ul>\r\n\r\n<p>Sur la page permettant de modifier un blog post, l&rsquo;utilisateur a la possibilit&eacute; de modifier les champs titre, chap&ocirc;, auteur et contenu.</p>\r\n\r\n<p>Dans le footer menu, il doit figurer un lien pour acc&eacute;der &agrave; l&rsquo;administration du blog.</p>\r\n\r\n<h3>Contraintes</h3>\r\n\r\n<p>Cette fois-ci, nous n&rsquo;utiliserons pas WordPress. Tout sera d&eacute;velopp&eacute; par vos soins. Les seules lignes de code qui pourront provenir d&rsquo;ailleurs seront celles du th&egrave;me Bootstrap, que vous prendrez grand soin de choisir. La pr&eacute;sentation, &ccedil;a compte ! Il est &eacute;galement autoris&eacute; d&rsquo;utiliser une ou plusieurs librairies externes &agrave; condition qu&rsquo;elles soient int&eacute;gr&eacute;es gr&acirc;ce &agrave;&nbsp;<a href=\"https://getcomposer.org/\" style=\"color:#986dff\">Composer</a>.</p>\r\n\r\n<p>Attention, votre blog doit &ecirc;tre navigable ais&eacute;ment sur un mobile (t&eacute;l&eacute;phone mobile, phablette, tablette&hellip;). C&rsquo;est indispensable ! C&rsquo;est indispensable&nbsp;<img alt=\":D\" src=\"https://oc-images.imgix.net/imgix/happy.png?auto=compress,format&amp;q=80\" title=\":D\" /></p>\r\n\r\n<p>Nous vous conseillons vivement d&rsquo;utiliser un moteur de templating tel que Twig, mais ce n&rsquo;est pas obligatoire.</p>\r\n\r\n<p>Sur la partie administration, vous veillerez &agrave; ce que seules les personnes ayant le droit &ldquo;administrateur&rdquo; aient l&rsquo;acc&egrave;s ; les autres utilisateurs pourront uniquement commenter les articles (avec validation avant publication).</p>\r\n\r\n<p><strong>Important :</strong>&nbsp;Vous vous assurerez qu&rsquo;il n&rsquo;y a pas de failles de s&eacute;curit&eacute; (XSS, CSRF, SQL Injection, session hijacking, upload possible de script PHP&hellip;).</p>\r\n\r\n<p>Votre projet doit &ecirc;tre pouss&eacute; et disponible sur GitHub. Je vous conseille de travailler avec des pull requests. Dans la mesure o&ugrave; la majorit&eacute; des communications concernant les projets sur GitHub se font en anglais, il faut que vos commits soient en anglais.</p>\r\n\r\n<p>Vous devrez cr&eacute;er l&rsquo;ensemble des issues (tickets) correspondant aux t&acirc;ches que vous aurez &agrave; effectuer pour mener &agrave; bien le projet.</p>\r\n\r\n<p>Veillez &agrave; bien valider vos tickets pour vous assurer que ceux-ci couvrent bien toutes les demandes du projet. Donnez une estimation indicative en temps ou en points d&rsquo;effort (si la m&eacute;thodologie agile vous est famili&egrave;re) et tentez de tenir cette estimation.</p>\r\n\r\n<p>L&rsquo;&eacute;criture de ces tickets vous permettra de vous accorder sur un vocabulaire commun. Il est fortement appr&eacute;ci&eacute; qu&rsquo;ils soient &eacute;crits en anglais !</p>\r\n\r\n<h4>Nota Bene</h4>\r\n\r\n<p>Votre projet devra &ecirc;tre suivi via&nbsp;<a href=\"https://insight.symfony.com/\" style=\"color:#986dff\">SymfonyInsight</a>, ou&nbsp;<a href=\"https://www.codacy.com/\" style=\"color:#986dff\">Codacy</a>&nbsp;pour la qualit&eacute; du code. Vous veillerez &agrave; obtenir une m&eacute;daille d&#39;argent au minimum (pour SymfonyInsight). En compl&eacute;ment, le respect des PSR est recommand&eacute; afin de proposer un code compr&eacute;hensible et facilement &eacute;volutif.</p>\r\n\r\n<p>Si vous n&rsquo;arrivez pas &agrave; vous d&eacute;cider sur le th&egrave;me Bootstrap, en voici un qui pourrait vous convenir&nbsp;<a href=\"http://bit.ly/2emOTxY\" style=\"color:#986dff\">http://bit.ly/2emOTxY</a>&nbsp;(source : startbootstrap.com).</p>\r\n\r\n<p>Dans le cas o&ugrave; une fonctionnalit&eacute; vous semblerait mal expliqu&eacute;e ou manquante, parlez-en avec votre mentor afin de prendre une d&eacute;cision ensemble concernant les choix que vous souhaiteriez faire. Ce qui doit pr&eacute;valoir doit &ecirc;tre les d&eacute;lais.</p>\r\n\r\n<h3>De l&#39;aide pour aborder le projet &eacute;tape par &eacute;tape</h3>\r\n\r\n<p>Afin de fluidifier votre avancement voici une proposition de mani&egrave;re de travailler :</p>\r\n\r\n<ul>\r\n	<li><strong><em>&Eacute;tape 1</em></strong>&nbsp;- Prenez connaissance enti&egrave;rement de l&rsquo;&eacute;nonc&eacute; et des sp&eacute;cifications d&eacute;taill&eacute;es.</li>\r\n	<li><strong><em>&Eacute;tape 2</em></strong>&nbsp;- Cr&eacute;ez les diagrammes UML.</li>\r\n	<li><strong><em>&Eacute;tape 3</em></strong>&nbsp;- Cr&eacute;ez le repository GitHub pour le projet.</li>\r\n	<li><strong><em>&Eacute;tape 4</em></strong>&nbsp;- Cr&eacute;ez l&rsquo;ensemble des issues sur le repository GitHub (<em>https://github.com/username/nom_du_repo/issues/new</em>).</li>\r\n	<li><strong><em>&Eacute;tape 5</em></strong>&nbsp;- Faites les estimations de l&rsquo;ensemble de vos issues.</li>\r\n	<li><strong><em>&Eacute;tape 6</em></strong>&nbsp;- Entamez le d&eacute;veloppement de l&rsquo;application et proposez des pull requests pour chacune des fonctionnalit&eacute;s/issues. (L&rsquo;estimation se fera au fur et &agrave; mesure de votre d&eacute;veloppement et sera discut&eacute;e avec votre mentor.)</li>\r\n	<li><strong><em>&Eacute;tape 7</em></strong>&nbsp;- Faites relire votre code &agrave; votre mentor (code propos&eacute; dans la ou les pull requests), et une fois valid&eacute;e(s) mergez la ou les pull requests dans la branche principale. (Cette relecture servira &agrave; valider votre impl&eacute;mentation des bonnes pratiques et la coh&eacute;rence de votre code. La validation se fera en continu durant les sessions.)</li>\r\n	<li><strong><em>&Eacute;tape 8</em></strong>&nbsp;- Validez la qualit&eacute; du code via SymfonyInsight ou Codacy.</li>\r\n	<li><strong><em>&Eacute;tape 9</em></strong>&nbsp;- Effectuez une d&eacute;monstration de l&rsquo;ensemble de l&rsquo;application.</li>\r\n	<li><strong><em>&Eacute;tape 10</em></strong>&nbsp;- Pr&eacute;parez l&rsquo;ensemble de vos livrables et soumettez-les sur la plateforme.</li>\r\n</ul>\r\n\r\n<p><br />\r\nPrenez le temps de valider chaque &eacute;tape avec votre mentor afin de vous assurer que vous avancez dans la bonne direction&nbsp;<img alt=\"^^\" src=\"https://oc-images.imgix.net/imgix/glad.png?auto=compress,format&amp;q=80\" title=\"^^\" /></p>\r\n\r\n<h3>Livrables</h3>\r\n\r\n<ul>\r\n	<li>Un lien vers l&rsquo;ensemble du projet (fichiers PHP/HTML/JS/CSS&hellip;) sur un repository GitHub</li>\r\n	<li>Les instructions pour installer le projet (dans un fichier README &agrave; la racine du projet)</li>\r\n	<li>Les sch&eacute;mas UML (au format PNG ou JPG dans un dossier nomm&eacute; &ldquo;diagrammes&rdquo; &agrave; la racine du projet)\r\n	<ul>\r\n		<li>&nbsp;diagrammes de cas d&rsquo;utilisation</li>\r\n		<li>diagramme de classes</li>\r\n		<li>&nbsp;diagrammes de s&eacute;quence</li>\r\n	</ul>\r\n	</li>\r\n	<li>Les issues sur le repository GitHub que vous aurez cr&eacute;&eacute;</li>\r\n	<li>Un lien vers la derni&egrave;re analyse SymfonyInsight ou Codacy (ou vers le projet public sur la plateforme)</li>\r\n</ul>\r\n\r\n<p>Pour faciliter votre passage au jury, d&eacute;posez sur la plateforme, dans un dossier nomm&eacute; &ldquo;<em>P5_nom_prenom</em>&rdquo;, tous les livrables du projet. Chaque livrable doit &ecirc;tre nomm&eacute; avec le num&eacute;ro du projet et selon l&#39;ordre dans lequel il appara&icirc;t, par exemple &ldquo;<em>P5_01_projet</em>&rdquo;, &ldquo;<em>P5_02_instructions</em>&rdquo;, et ainsi de suite.</p>\r\n\r\n<h3>Soutenance</h3>\r\n\r\n<p>Il vous sera demand&eacute; de pr&eacute;senter le projet en soutenance.</p>\r\n\r\n<p>Il vous est demand&eacute; de vous mettre en situation r&eacute;elle : en effet, il s&#39;agit d&#39;un rendez-vous&nbsp;<strong>professionnel</strong>. Vous vous adresserez &agrave; un potentiel employeur qui vous aurait contact&eacute; pour un poste et qui vous demanderait donc de d&eacute;tailler votre travail.&zwnj;</p>\r\n\r\n<p>Voici, sous forme d&#39;&eacute;tapes, comment devrait se d&eacute;rouler la soutenance :&zwnj;&zwnj;</p>\r\n\r\n<table>\r\n	<tbody>\r\n		<tr>\r\n			<td><strong>&Eacute;tapes</strong></td>\r\n			<td><strong>Temps &agrave; passer</strong></td>\r\n		</tr>\r\n		<tr>\r\n			<td>\r\n			<p>&Eacute;tape 1 :&nbsp;<strong>Pr&eacute;sentation du contexte du projet, analyse du besoin &amp; organisation du projet</strong></p>\r\n\r\n			<ul>\r\n				<li><strong>Pr&eacute;sentation du contexte du projet :</strong>&nbsp;il s&#39;agit de rappeler le contexte du projet dans le cadre du parcours que vous suivez.</li>\r\n				<li><strong>Analyse du besoin :</strong>&nbsp;vous choisirez l&#39;une des fonctionnalit&eacute;s d&eacute;velopp&eacute;es et il vous faudra pr&eacute;senter les sch&eacute;mas UML correspondants (diagrammes d&rsquo;utilisation, de classes et de s&eacute;quence).</li>\r\n				<li><strong>Organisation du projet :</strong>&nbsp;vous expliciterez la m&eacute;thodologie adopt&eacute;e, l&#39;organisation de votre travail (d&eacute;coupage en t&acirc;ches, priorisation, les estimations&hellip;).</li>\r\n			</ul>\r\n			</td>\r\n			<td>~ 10 minutes</td>\r\n		</tr>\r\n		<tr>\r\n			<td>\r\n			<p>&Eacute;tape 2 :&nbsp;<strong>D&eacute;monstration de l&#39;application</strong></p>\r\n\r\n			<p>Il s&#39;agit de pr&eacute;senter l&#39;ensemble des fonctionnalit&eacute;s de l&#39;application.&zwnj;</p>\r\n			</td>\r\n			<td>~5 minutes</td>\r\n		</tr>\r\n		<tr>\r\n			<td>\r\n			<p>&Eacute;tape 3 :&nbsp;<strong>Ex&eacute;cution</strong></p>\r\n\r\n			<p><strong>Vous pr&eacute;senterez le projet du point de vue technique cette fois-ci. Il s&#39;agit de :</strong></p>\r\n\r\n			<ul>\r\n				<li>montrer comment vous avez versionn&eacute; votre projet ;</li>\r\n				<li>pr&eacute;senter l&#39;architecture technique que vous avez mise en place ;</li>\r\n				<li>lister les librairies que vous avez choisies et expliquer comment vous les avez int&eacute;gr&eacute;es ;</li>\r\n				<li>prendre une pull request correspondant &agrave; une t&acirc;che sur GitHub&nbsp; et d&eacute;tailler comment vous avez men&eacute; &agrave; bien cette t&acirc;che ;</li>\r\n				<li>pr&eacute;senter une analyse SymfonyInsight ou Codacy et expliquer les correctifs apport&eacute;s ;</li>\r\n				<li>comment vous avez proc&eacute;d&eacute; pour garantir la mise en place des bonnes pratiques en vigueur.&zwnj;</li>\r\n			</ul>\r\n			</td>\r\n			<td>~ 5 minutes</td>\r\n		</tr>\r\n		<tr>\r\n			<td>\r\n			<p>&Eacute;tape 4 :<strong>Questions-r&eacute;ponses</strong></p>\r\n\r\n			<p>Une session de questions-r&eacute;ponses autour de ce que vous aurez expos&eacute; sera &agrave; mener.&zwnj;<strong>&zwnj;</strong></p>\r\n			</td>\r\n			<td>&nbsp;~ 10 minutes</td>\r\n		</tr>\r\n		<tr>\r\n			<td>\r\n			<p><strong>Total</strong></p>\r\n			</td>\r\n			<td><strong>30 minutes maximum</strong></td>\r\n		</tr>\r\n	</tbody>\r\n</table>\r\n\r\n<h3>&nbsp;</h3>\r\n\r\n<h3>Ressources&zwnj;</h3>\r\n\r\n<ul>\r\n	<li>Th&egrave;mes Bootstrap gratuits sur&nbsp;<a href=\"https://startbootstrap.com/\" style=\"color:#986dff\">startbootstrap.com</a>&nbsp;;</li>\r\n	<li>Moteur de templating Twig sur&nbsp;<a href=\"https://twig.sensiolabs.org/\" style=\"color:#986dff\">Sensiolabs</a>&nbsp;;</li>\r\n	<li><a href=\"https://help.github.com/articles/about-pull-requests\" style=\"color:#986dff\">Qu&rsquo;est-ce qu&rsquo;une pull request</a>&nbsp;;</li>\r\n	<li><a href=\"https://help.github.com/articles/creating-a-pull-request\" style=\"color:#986dff\">Cr&eacute;er une pull request</a>&nbsp;;</li>\r\n	<li>Comment travailler avec le gestionnaire de paquet&nbsp;<a href=\"https://getcomposer.org/\" style=\"color:#986dff\">PHP Composer</a>&nbsp;;</li>\r\n	<li><a href=\"https://insight.sensiolabs.com/\" style=\"color:#986dff\">SensioLabsInsight</a>&nbsp;;</li>\r\n	<li><a href=\"http://www.php-fig.org/psr/\" style=\"color:#986dff\">PSR 1, 4 et 12</a>.</li>\r\n</ul>\r\n\r\n<p>&nbsp;</p>\r\n\r\n<h3>Comp&eacute;tences &eacute;valu&eacute;es</h3>\r\n\r\n<ul>\r\n	<li>\r\n	<p>Conceptualiser l&#39;ensemble de son application en d&eacute;crivant sa structure (Entit&eacute;s / Domain Objects)</p>\r\n	</li>\r\n	<li>\r\n	<p>Choisir une solution technique adaptée parmi les solutions existantes si cela est pertinent</p>\r\n	</li>\r\n	<li>\r\n	<p>Estimer une t&acirc;che et tenir les d&eacute;lais</p>\r\n	</li>\r\n	<li>\r\n	<p>Proposer un code propre et facilement &eacute;volutif</p>\r\n	</li>\r\n	<li>\r\n	<p>Créer et maintenir l&rsquo;architecture technique du site</p>\r\n	</li>\r\n	<li>\r\n	<p>G&eacute;rer ses donn&eacute;es avec une base de donn&eacute;es</p>\r\n	</li>\r\n	<li>\r\n	<p>Assurer le suivi qualit&eacute; d&rsquo;un projet</p>\r\n	</li>\r\n	<li>\r\n	<p>R&eacute;diger les sp&eacute;cifications détaillées du projet</p>\r\n	</li>\r\n	<li>\r\n	<p>Cr&eacute;er une page web permettant de recueillir les informations saisies par un internaute</p>\r\n	</li>\r\n	<li>\r\n	<p>Analyser un cahier des charges</p>\r\n	</li>\r\n</ul>\r\n', '2021-04-16 09:03:46', 1, 1);
INSERT INTO `article` (`article_id`, `title`, `intro`, `catchphrase`, `content`, `update_date`, `publication`, `user_id`) VALUES
(52, 'Projet OCR 6 - Développeur d\'applications PHP/Symfony', 'Développez de A à Z le site communautaire SnowTricks', 'Jimmy Sweat est un entrepreneur ambitieux passionné de snowboard. Son objectif est la création d\'un site collaboratif pour faire connaître ce sport auprès du grand public et aider à l\'apprentissage des figures (tricks).', '<h3>Contexte</h3>\r\n\r\n<p>Jimmy Sweat est un entrepreneur ambitieux passionn&eacute; de snowboard. Son objectif est la cr&eacute;ation d&#39;un site collaboratif pour faire conna&icirc;tre ce sport aupr&egrave;s du grand public et aider &agrave; l&#39;apprentissage des figures (tricks).</p>\r\n\r\n<p>Il souhaite capitaliser sur du contenu apport&eacute; par les internautes afin&nbsp;de d&eacute;velopper un contenu riche et suscitant l&rsquo;int&eacute;r&ecirc;t des utilisateurs du site.&nbsp;Par la suite, Jimmy souhaite d&eacute;velopper un business de mise en relation avec les marques de snowboard gr&acirc;ce au trafic que le contenu aura g&eacute;n&eacute;r&eacute;.</p>\r\n\r\n<p>Pour ce projet, nous allons nous concentrer sur la cr&eacute;ation technique du site pour Jimmy.</p>\r\n\r\n<h3>Description du besoin</h3>\r\n\r\n<p>Vous &ecirc;tes charg&eacute; de d&eacute;velopper le site r&eacute;pondant aux besoins de Jimmy. Vous devez ainsi impl&eacute;menter les fonctionnalit&eacute;s suivantes :&nbsp;</p>\r\n\r\n<ul>\r\n	<li>un annuaire des figures de snowboard. Vous pouvez vous inspirer de la&nbsp;<a href=\"https://fr.wikipedia.org/wiki/Snowboard_freestyle#Les_types_de_tricks\" style=\"color:#986dff\">liste des figures</a>&nbsp;sur Wikip&eacute;dia. Contentez-vous d&#39;int&eacute;grer 10 figures, le&nbsp;reste sera saisi par les internautes ;</li>\r\n	<li>la gestion des figures (cr&eacute;ation, modification, consultation) ;</li>\r\n	<li>un espace de discussion commun &agrave; toutes les figures.</li>\r\n</ul>\r\n\r\n<p>Pour impl&eacute;menter ces fonctionnalit&eacute;s, vous devez cr&eacute;er les pages suivantes :</p>\r\n\r\n<ul>\r\n	<li>la page d&rsquo;accueil o&ugrave; figurera la liste des figures ;&nbsp;</li>\r\n	<li>la page de cr&eacute;ation d&#39;une nouvelle figure ;</li>\r\n	<li>la page de modification d&#39;une figure ;</li>\r\n	<li>la page de pr&eacute;sentation d&rsquo;une figure (contenant l&rsquo;espace de discussion commun autour d&rsquo;une figure).</li>\r\n</ul>\r\n\r\n<p>L&rsquo;ensemble des sp&eacute;cifications d&eacute;taill&eacute;es pour les pages &agrave; d&eacute;velopper&nbsp;est accessible ici :&nbsp;<a href=\"https://s3-eu-west-1.amazonaws.com/course.oc-static.com/projects/DAPHPSF_P8/DAPHP_P6_spe%CC%81cifications.zip\" style=\"color:#986dff\">Sp&eacute;cifications d&eacute;taill&eacute;es.</a></p>\r\n\r\n<p>Si vous souhaitez h&eacute;berger le projet en ligne, notre partenaire 1&amp;1 IONOS offre 2 mois d&#39;h&eacute;bergement gratuit aux &eacute;tudiants pour toute souscription &agrave; un pack d&#39;h&eacute;bergement&nbsp;<a href=\"https://www.ionos.fr/hebergement/hebergement-web?ac=OM.FR.FRo73K404518T7073a&amp;couponCode=AGNBMACB\" style=\"color:#986dff\">(plus d&#39;infos).</a></p>\r\n\r\n<h4>Nota bene</h4>\r\n\r\n<p>Il faut que les URL de page permettent une compr&eacute;hension rapide de ce que la page repr&eacute;sente et que le r&eacute;f&eacute;rencement naturel soit facilit&eacute;.</p>\r\n\r\n<p>L&rsquo;utilisation de bundles tiers est interdite sauf pour les donn&eacute;es initiales. Vous utiliserez les comp&eacute;tences acquises jusqu&rsquo;ici ainsi que la documentation officielle afin de remplir les objectifs donn&eacute;s.</p>\r\n\r\n<p>Le design du site web est laiss&eacute; compl&egrave;tement libre, attention cependant &agrave; respecter&nbsp;<a href=\"https://s3-eu-west-1.amazonaws.com/static.oc-static.com/prod/courses/files/Parcours-DA-PHP/Projet-6_Wireframes.pdf\" style=\"color:#986dff\">les wireframes fournis</a>&nbsp;pour le gabarit de vos pages. N&eacute;anmoins, il faudra que le site soit consultable aussi bien sur un ordinateur que sur mobile (t&eacute;l&eacute;phone mobile, tablette, phablette&hellip;).</p>\r\n\r\n<p>En premier lieu, il vous faudra &eacute;crire l&rsquo;ensemble des issues/tickets afin de d&eacute;couper votre travail m&eacute;thodiquement et de vous assurer que l&rsquo;ensemble du besoin client soit bien compris avec votre mentor. Les tickets/issues seront &eacute;crits dans un repository GitHub que vous aurez cr&eacute;&eacute; au pr&eacute;alable.</p>\r\n\r\n<p>L&rsquo;ensemble des figures de snowboard doivent &ecirc;tre pr&eacute;sentes &agrave; l&rsquo;initialisation de l&rsquo;application web. Vous utiliserez un bundle externe pour charger ces donn&eacute;es.&nbsp;</p>\r\n\r\n<h3>&nbsp;</h3>\r\n\r\n<h3>De l&rsquo;aide pour aborder le projet &eacute;tape par &eacute;tape</h3>\r\n\r\n<p>Afin de fluidifier votre avancement voici une proposition de mani&egrave;re de travailler :</p>\r\n\r\n<ul>\r\n	<li><strong><em>&Eacute;tape 1</em></strong>&nbsp;- Prenez connaissance enti&egrave;rement de l&rsquo;&eacute;nonc&eacute; et des sp&eacute;cifications d&eacute;taill&eacute;es.</li>\r\n	<li><strong><em>&Eacute;tape 2</em></strong>&nbsp;- Produisez les diagrammes UML (mod&egrave;le de donn&eacute;es, classes, s&eacute;quences, uses cases).</li>\r\n	<li><strong><em>&Eacute;tape 3</em></strong>&nbsp;- Cr&eacute;ez le repository&nbsp;<a href=\"https://github.com/new\" style=\"color:#986dff\">GitHub</a>&nbsp;pour le projet.</li>\r\n	<li><strong><em>&Eacute;tape 4</em></strong>&nbsp;- Cr&eacute;ez l&rsquo;ensemble des issues sur le repository GitHub (<em>https://github.com/username/nom_du_repo/issues/new</em>).</li>\r\n	<li><strong><em>&Eacute;tape 5</em></strong>&nbsp;- Faites les estimations de l&rsquo;ensemble de vos issues.</li>\r\n	<li><strong><em>&Eacute;tape 6</em></strong>&nbsp;- Entamez le d&eacute;veloppement de l&rsquo;application et proposez des pull requests pour chacune des fonctionnalit&eacute;s/issues.</li>\r\n	<li><strong><em>&Eacute;tape 7</em></strong>&nbsp;- Faites relire votre code &agrave; votre mentor (code propos&eacute; dans la ou les pull requests), et une fois valid&eacute;e(s), mergez la ou les pull requests dans la branche principale. (Cette relecture servira &agrave; valider votre impl&eacute;mentation des bonnes pratiques et la coh&eacute;rence de votre code. La validation se fera en continu durant les sessions.)</li>\r\n	<li><strong><em>&Eacute;tape 8</em></strong>&nbsp;- Effectuez une d&eacute;monstration de l&rsquo;ensemble de l&rsquo;application.</li>\r\n	<li><strong><em>&Eacute;tape 9</em></strong>&nbsp;- Pr&eacute;parez l&rsquo;ensemble de vos livrables et soumettez-les sur la plateforme.</li>\r\n	<li>&nbsp;</li>\r\n</ul>\r\n\r\n<p>Prenez le temps de valider chaque &eacute;tape avec votre mentor afin de vous assurer que vous avancez dans la bonne direction.&nbsp;<img alt=\"^^\" src=\"https://oc-images.imgix.net/imgix/glad.png?auto=compress,format&amp;q=80\" title=\"^^\" /></p>\r\n\r\n<h3>Livrables</h3>\r\n\r\n<ul>\r\n	<li>Un lien vers l&rsquo;ensemble du projet (fichiers PHP/HTML/JS/CSS&hellip;) sur un repository GitHub</li>\r\n	<li>L&rsquo;ensemble des diagrammes demand&eacute;s (mod&egrave;les de donn&eacute;es, classes, use cases, s&eacute;quentiels)</li>\r\n	<li>Les issues sur le repository GitHub</li>\r\n	<li>Les instructions pour installer le projet (dans un fichier README &agrave; la racine du projet)</li>\r\n	<li>Jeu de donn&eacute;es initiales avec l&rsquo;ensemble des figures de snowboard</li>\r\n	<li>Lien vers les analyses&nbsp;<a href=\"https://insight.symfony.com/pricing\" style=\"color:#986dff\">SensioLabsInsight</a>,&nbsp;<a href=\"https://www.codacy.com/\" style=\"color:#986dff\">Codacy</a>&nbsp;ou&nbsp;<a href=\"https://codeclimate.com/\" style=\"color:#986dff\">Codeclimate</a>&nbsp;(via une m&eacute;daille dans le README, par exemple).</li>\r\n</ul>\r\n\r\n<p>Pour faciliter votre passage au jury, d&eacute;posez sur la plateforme, dans un dossier nomm&eacute; &ldquo;<em>P6_nom_prenom</em>&rdquo;, tous les livrables du projet. Chaque livrable doit &ecirc;tre nomm&eacute; avec le num&eacute;ro du projet et selon l&#39;ordre dans lequel il appara&icirc;t, par exemple &ldquo;<em>P6_01_projet</em>&rdquo;, &ldquo;<em>P6_02_diagrammes</em>&rdquo;, et ainsi de suite.</p>\r\n\r\n<h3>Soutenance</h3>\r\n\r\n<p>Il vous sera demand&eacute; de pr&eacute;senter le projet en soutenance. Il vous est demand&eacute; de vous mettre en situation r&eacute;elle. L&#39;&eacute;valuateur jouera le r&ocirc;le de Jimmy Sweat, votre client.</p>\r\n\r\n<p>Voici, sous forme d&#39;&eacute;tapes, comment devrait se d&eacute;rouler la soutenance :&zwnj;&zwnj;</p>\r\n\r\n<table>\r\n	<tbody>\r\n		<tr>\r\n			<td><strong>&Eacute;tapes</strong></td>\r\n			<td><strong>Temps &agrave; passer</strong></td>\r\n		</tr>\r\n		<tr>\r\n			<td>\r\n			<p>&Eacute;tape 1 :&nbsp;<strong>Pr&eacute;sentation du contexte du projet, analyse du besoin &amp; organisation du projet</strong></p>\r\n\r\n			<ul>\r\n				<li><strong>Pr&eacute;sentation du contexte du projet :</strong>&nbsp;il s&#39;agit de rappeler le contexte du projet dans le cadre du parcours que vous suivez.</li>\r\n				<li><strong>Analyse du besoin :</strong>&nbsp;vous choisirez l&#39;une des fonctionnalit&eacute;s d&eacute;velopp&eacute;es et il vous faudra pr&eacute;senter les sch&eacute;mas UML correspondants (diagrammes d&rsquo;utilisation, de classes et de s&eacute;quence, mod&egrave;le de donn&eacute;es).</li>\r\n				<li><strong>Organisation du projet :</strong>&nbsp;vous expliciterez la m&eacute;thodologie adopt&eacute;e, l&#39;organisation de votre travail (d&eacute;coupage en t&acirc;ches, priorisation, les estimations&hellip;).</li>\r\n			</ul>\r\n			</td>\r\n			<td>&nbsp;~ 10 minutes</td>\r\n		</tr>\r\n		<tr>\r\n			<td>\r\n			<p>&Eacute;tape 2 :&nbsp;<strong>D&eacute;monstration de l&#39;application</strong></p>\r\n\r\n			<p>Il s&#39;agit de pr&eacute;senter l&#39;ensemble des fonctionnalit&eacute;s de l&#39;application.&zwnj;</p>\r\n			</td>\r\n			<td>~ 5 minutes</td>\r\n		</tr>\r\n		<tr>\r\n			<td>\r\n			<p>&Eacute;tape 3 :&nbsp;<strong>Ex&eacute;cution</strong></p>\r\n\r\n			<p>Vous pr&eacute;senterez le projet du point de vue technique cette fois-ci. Il s&#39;agit de :</p>\r\n\r\n			<ul>\r\n				<li>le versioning avec Git ;</li>\r\n				<li>l&rsquo;architecture de l&rsquo;application (o&ugrave; sont les fichiers, et &agrave; quoi ils servent) ;</li>\r\n				<li>les librairies qu&rsquo;il a &eacute;t&eacute; choisi de mettre en place (installation avec Composer) ;</li>\r\n				<li>montrer une pull request avec des commentaires qui ont pu &ecirc;tre faits sur le code ;</li>\r\n				<li>les outils utilis&eacute;s pour garantir la mise en place de bonnes pratiques ;</li>\r\n				<li>une analyse SensioLabsInsight et les correctifs apport&eacute;s.</li>\r\n			</ul>\r\n			</td>\r\n			<td>~ 5 minutes</td>\r\n		</tr>\r\n		<tr>\r\n			<td>\r\n			<p>&Eacute;tape 4 :&nbsp;<strong>Questions-R&eacute;ponses</strong></p>\r\n\r\n			<p>Une session de questions-r&eacute;ponses autour de ce que vous aurez expos&eacute; sera &agrave; mener.&zwnj;&zwnj;</p>\r\n			</td>\r\n			<td>~ 10 minutes</td>\r\n		</tr>\r\n		<tr>\r\n			<td><strong>Total</strong></td>\r\n			<td>&nbsp;<strong>30 minutes maximum</strong></td>\r\n		</tr>\r\n	</tbody>\r\n</table>\r\n\r\n<p>&nbsp;</p>\r\n\r\n<h3>Comp&eacute;tences &eacute;valu&eacute;es</h3>\r\n\r\n<ul>\r\n	<li>\r\n	<p>Prendre en main le framework Symfony</p>\r\n	</li>\r\n	<li>\r\n	<p>D&eacute;velopper une application proposant les fonctionnalit&eacute;s attendues par le client</p>\r\n	</li>\r\n	<li>\r\n	<p>G&eacute;rer une base de donn&eacute;es MySQL ou NoSQL avec Doctrine</p>\r\n	</li>\r\n	<li>\r\n	<p>Organiser son code pour garantir la lisibilit&eacute; et la maintenabilit&eacute;</p>\r\n	</li>\r\n	<li>\r\n	<p>Prendre en main le moteur de templating Twig</p>\r\n	</li>\r\n	<li>\r\n	<p>Respecter les bonnes pratiques de d&eacute;veloppement en vigueur</p>\r\n	</li>\r\n	<li>\r\n	<p>S&eacute;lectionner les langages de programmation adapt&eacute;s pour le d&eacute;veloppement de l&rsquo;application</p>\r\n	</li>\r\n</ul>\r\n', '2021-04-16 09:06:24', 1, 1),
(53, 'Projet OCR 7 - Développeur d\'applications PHP/Symfony', 'Créez un web service exposant une API', 'BileMo est une entreprise offrant toute une sélection de téléphones mobiles haut de gamme.', '<h3>Contexte</h3>\r\n\r\n<p><strong>BileMo</strong>&nbsp;est une entreprise offrant toute une s&eacute;lection de t&eacute;l&eacute;phones mobiles haut de gamme.</p>\r\n\r\n<p>Vous &ecirc;tes en charge du d&eacute;veloppement de la vitrine de t&eacute;l&eacute;phones mobiles de l&rsquo;entreprise&nbsp;<em>BileMo</em>. Le business mod&egrave;le de&nbsp;<em>BileMo</em>&nbsp;n&rsquo;est pas de vendre directement ses produits sur le site web, mais de fournir &agrave; toutes les plateformes qui le souhaitent l&rsquo;acc&egrave;s au catalogue via une API (Application Programming Interface). Il s&rsquo;agit donc de vente exclusivement en B2B (business to business).</p>\r\n\r\n<p>Il va falloir que vous exposiez un certain nombre d&rsquo;API pour que les applications des autres plateformes web puissent effectuer des op&eacute;rations.</p>\r\n\r\n<h3>Besoin client</h3>\r\n\r\n<p>Le premier client a enfin sign&eacute; un contrat de partenariat avec BileMo ! C&rsquo;est le branle-bas de combat pour r&eacute;pondre aux besoins de ce premier client qui va permettre de mettre en place l&rsquo;ensemble des API et de les &eacute;prouver tout de suite.</p>\r\n\r\n<p>&nbsp;Apr&egrave;s une r&eacute;union dense avec le client, il a &eacute;t&eacute; identifi&eacute; un certain nombre d&rsquo;informations. Il doit &ecirc;tre possible de :</p>\r\n\r\n<ul>\r\n	<li>consulter la liste des produits BileMo ;</li>\r\n	<li>consulter les d&eacute;tails d&rsquo;un produit BileMo ;</li>\r\n	<li>consulter la liste des utilisateurs inscrits&nbsp;li&eacute;s &agrave; un client sur le site web ;</li>\r\n	<li>consulter le d&eacute;tail d&rsquo;un utilisateur inscrit li&eacute; &agrave; un client ;</li>\r\n	<li>ajouter un nouvel utilisateur li&eacute; &agrave; un client ;</li>\r\n	<li>supprimer un utilisateur ajout&eacute; par un client.</li>\r\n</ul>\r\n\r\n<p>Seuls les&nbsp;clients&nbsp;r&eacute;f&eacute;renc&eacute;s peuvent acc&eacute;der aux API. Les&nbsp;clients de l&rsquo;API doivent &ecirc;tre authentifi&eacute;s via OAuth ou JWT.</p>\r\n\r\n<p>Vous avez le choix entre mettre en place un serveur OAuth et y faire appel (en utilisant le&nbsp;<a href=\"https://packagist.org/packages/friendsofsymfony/oauth-server-bundle\" style=\"color:#986dff\">FOSOAuthServerBundle</a>), et utiliser Facebook, Google ou LinkedIn. Si vous d&eacute;cidez d&rsquo;utiliser JWT, il vous faudra&nbsp;<a href=\"https://github.com/lexik/LexikJWTAuthenticationBundle\" style=\"color:#986dff\">v&eacute;rifier la validit&eacute; du token</a>&nbsp;; l&rsquo;usage d&rsquo;une librairie est autoris&eacute;.</p>\r\n\r\n<h4>Pr&eacute;sentation des donn&eacute;es</h4>\r\n\r\n<p>Le premier partenaire de BileMo est tr&egrave;s exigeant : il requiert que vous exposiez vos donn&eacute;es en suivant les r&egrave;gles des niveaux 1, 2 et 3 du mod&egrave;le de Richardson. Il a demand&eacute; &agrave; ce que vous serviez les donn&eacute;es en JSON. Si possible, le client souhaite que les r&eacute;ponses soient mises en cache afin d&rsquo;optimiser les performances des requ&ecirc;tes en direction de l&rsquo;API.</p>\r\n\r\n<h3>De l&rsquo;aide pour aborder le projet &eacute;tape par &eacute;tape</h3>\r\n\r\n<p>Afin de fluidifier votre avancement voici une proposition de mani&egrave;re de travailler :</p>\r\n\r\n<ul>\r\n	<li><strong><em>&Eacute;tape 1</em></strong>&nbsp;- Prenez connaissance enti&egrave;rement de l&rsquo;&eacute;nonc&eacute; et des sp&eacute;cifications d&eacute;taill&eacute;es.</li>\r\n	<li><strong><em>&Eacute;tape 2</em></strong>&nbsp;- Cr&eacute;ez le repository GitHub pour le projet.</li>\r\n	<li><strong><em>&Eacute;tape 3</em></strong>&nbsp;- Cr&eacute;ez l&rsquo;ensemble des issues sur le repository GitHub (<em>https://github.com/username/nom_du_repo/issues/new</em>).</li>\r\n	<li><strong><em>&Eacute;tape 4</em></strong>&nbsp;- Faites les estimations de l&rsquo;ensemble de vos issues.</li>\r\n	<li><strong><em>&Eacute;tape 5</em></strong>&nbsp;- Entamez le d&eacute;veloppement de l&rsquo;application et proposez des pull requests pour chacune des fonctionnalit&eacute;s/issues tout en veillant &agrave; valider la qualit&eacute; de votre code ainsi que ses performances.</li>\r\n	<li><strong><em>&Eacute;tape 6</em></strong>&nbsp;- Faites relire votre code &agrave; votre mentor (code propos&eacute; dans la ou les pull requests), et une fois valid&eacute;e(s) mergez la ou les pull requests dans la branche principale. (Cette relecture servira &agrave; valider votre impl&eacute;mentation des bonnes pratiques et la coh&eacute;rence de votre code. La validation se fera en continu durant les sessions.)</li>\r\n	<li><strong><em>&Eacute;tape 7</em></strong>&nbsp;- Effectuez une d&eacute;monstration de l&rsquo;ensemble de l&rsquo;application.</li>\r\n	<li><strong><em>&Eacute;tape 8</em></strong>&nbsp;- Pr&eacute;parez l&rsquo;ensemble de vos livrables et soumettez-les sur la plateforme.</li>\r\n</ul>\r\n\r\n<p>Prenez le temps de valider chaque &eacute;tape avec votre mentor afin de vous assurer que vous avancez dans la bonne direction.&nbsp;<img alt=\"^^\" src=\"https://oc-images.imgix.net/imgix/glad.png?auto=compress,format&amp;q=80\" title=\"^^\" /></p>\r\n\r\n<h3>Livrables</h3>\r\n\r\n<ul>\r\n	<li>Un lien vers l&rsquo;<strong>ensemble du projet</strong>&nbsp;(fichiers PHP/HTML/JS/CSS&hellip;) sur un repository Github</li>\r\n	<li><strong>Diagrammes UML</strong>&nbsp;(mod&egrave;les de donn&eacute;es, classes, s&eacute;quentiels)</li>\r\n	<li>Les&nbsp;<strong>instructions</strong>&nbsp;pour installer le projet (dans un fichier README &agrave; la racine du projet)</li>\r\n	<li>Les<strong>&nbsp;issues</strong>&nbsp;sur le repository GitHub</li>\r\n	<li><strong>Documentation technique</strong>&nbsp;de l&rsquo;API &agrave; destination des futurs utilisateurs</li>\r\n</ul>\r\n\r\n<p>Pour faciliter votre passage au jury, d&eacute;posez sur la plateforme, dans un dossier nomm&eacute; &ldquo;<em>P7_nom_prenom</em>&rdquo;, tous les livrables du projet. Chaque livrable doit &ecirc;tre nomm&eacute; avec le num&eacute;ro du projet et selon l&#39;ordre dans lequel il appara&icirc;t, par exemple &ldquo;<em>P7_01_projet</em>&rdquo;, &ldquo;<em>P7_02_diagrammesUML</em>&rdquo;, et ainsi de suite.</p>\r\n\r\n<h3>Soutenance</h3>\r\n\r\n<p>Il vous sera demand&eacute; de pr&eacute;senter le projet en soutenance.</p>\r\n\r\n<p>Il vous est demand&eacute; de vous mettre en situation r&eacute;elle : en effet, il s&#39;agit d&#39;un rendez-vous professionnel. Vous vous adresserez &agrave; votre employeur qui a pour principal int&eacute;r&ecirc;t d&#39;avoir une API fonctionnelle.</p>\r\n\r\n<p>Voici, sous forme d&#39;&eacute;tapes, comment devrait se d&eacute;rouler la soutenance :&zwnj;&zwnj;</p>\r\n\r\n<table>\r\n	<tbody>\r\n		<tr>\r\n			<td><strong>&Eacute;tapes</strong></td>\r\n			<td><strong>Temps &agrave; passer</strong></td>\r\n		</tr>\r\n		<tr>\r\n			<td>\r\n			<p>&Eacute;tape 1 :&nbsp;<strong>Pr&eacute;sentation du contexte du projet, analyse du besoin &amp; organisation du projet</strong></p>\r\n\r\n			<p>&nbsp;</p>\r\n\r\n			<ul>\r\n				<li><strong>Pr&eacute;sentation du contexte du projet :</strong>&nbsp;il s&#39;agit de rappeler le contexte du projet dans le cadre du parcours que vous suivez.</li>\r\n				<li><strong>Analyse du besoin :</strong>&nbsp;vous choisirez l&#39;une des fonctionnalit&eacute;s d&eacute;velopp&eacute;es et il vous faudra pr&eacute;senter les sch&eacute;mas UML correspondants (diagrammes d&rsquo;utilisation, de classes et de s&eacute;quence et mod&egrave;le de donn&eacute;es).</li>\r\n				<li><strong>Organisation du projet :</strong>&nbsp;vous expliciterez la m&eacute;thodologie adopt&eacute;e, l&#39;organisation de votre travail (d&eacute;coupage en t&acirc;ches, priorisation, les estimations&hellip;).</li>\r\n			</ul>\r\n			</td>\r\n			<td>~ 10 minutes</td>\r\n		</tr>\r\n		<tr>\r\n			<td>\r\n			<p>&Eacute;tape 2 :&nbsp;<strong>D&eacute;monstration de l&#39;application</strong></p>\r\n\r\n			<p>Il s&#39;agit de pr&eacute;senter l&#39;ensemble des fonctionnalit&eacute;s de l&#39;application via Postman.&zwnj;</p>\r\n\r\n			<p>Il vous faudra &eacute;galement pr&eacute;senter la documentation de l&#39;API.</p>\r\n			</td>\r\n			<td>~ 5 minutes</td>\r\n		</tr>\r\n		<tr>\r\n			<td>\r\n			<p>&Eacute;tape 3 :&nbsp;<strong>Ex&eacute;cution</strong></p>\r\n\r\n			<p>Vous pr&eacute;senterez le projet du point de vue technique cette fois-ci. Il s&#39;agit de :</p>\r\n\r\n			<ul>\r\n				<li>montrer comment vous avez versionn&eacute; votre projet ;</li>\r\n				<li>pr&eacute;senter l&#39;architecture technique que vous avez mise en place ;</li>\r\n				<li>lister les librairies que vous avez choisies et expliquer comment vous les avez int&eacute;gr&eacute;es ;</li>\r\n				<li>prendre une pull request correspondant &agrave; une t&acirc;che sur GitHub et d&eacute;tailler comment vous avez men&eacute; &agrave; bien cette t&acirc;che ;</li>\r\n				<li>d&eacute;tailler comment vous avez proc&eacute;d&eacute; pour garantir la mise en place des bonnes pratiques en vigueur ;</li>\r\n				<li>montrer une analyse de qualit&eacute; ainsi que les correctifs apport&eacute;s.</li>\r\n			</ul>\r\n			</td>\r\n			<td>~ 5 minutes</td>\r\n		</tr>\r\n		<tr>\r\n			<td>\r\n			<p>&Eacute;tape 4 :&nbsp;<strong>Questions-R&eacute;ponses</strong></p>\r\n\r\n			<p>Une session de questions-r&eacute;ponses autour de ce que vous aurez expos&eacute; sera &agrave; mener.&zwnj;&zwnj;</p>\r\n			</td>\r\n			<td>~ 5 minutes</td>\r\n		</tr>\r\n		<tr>\r\n			<td>\r\n			<p><strong>Total</strong></p>\r\n			</td>\r\n			<td><strong>30 minutes maximum</strong></td>\r\n		</tr>\r\n	</tbody>\r\n</table>\r\n\r\n<h3>Comp&eacute;tences &eacute;valu&eacute;es</h3>\r\n\r\n<ul>\r\n	<li>\r\n	<p>Lancer une authentification &agrave; chaque requ&ecirc;te HTTP</p>\r\n	</li>\r\n	<li>\r\n	<p>Exposer une API REST avec Symfony</p>\r\n	</li>\r\n	<li>\r\n	<p>Suivre la qualit&eacute; d&rsquo;un projet</p>\r\n	</li>\r\n	<li>\r\n	<p>Produire une documentation technique</p>\r\n	</li>\r\n	<li>\r\n	<p>Analyser et optimiser les performances d&rsquo;une application</p>\r\n	</li>\r\n	<li>\r\n	<p>Concevoir une architecture efficace et adapt&eacute;e</p>\r\n	</li>\r\n</ul>\r\n', '2021-04-16 09:07:42', 1, 1),
(54, 'Projet OCR 8 - Développeur d\'applications PHP/Symfony', 'Améliorez une application existante de ToDo & Co', 'Vous venez d’intégrer une startup dont le cœur de métier est une application permettant de gérer ses tâches quotidiennes.', '<h3>Contexte</h3>\r\n\r\n<p>Vous venez d&rsquo;int&eacute;grer une startup dont le c&oelig;ur de m&eacute;tier est une application permettant de g&eacute;rer ses t&acirc;ches quotidiennes. L&rsquo;entreprise vient tout juste d&rsquo;&ecirc;tre mont&eacute;e, et l&rsquo;application a d&ucirc; &ecirc;tre d&eacute;velopp&eacute;e &agrave; toute vitesse pour permettre de montrer &agrave; de potentiels investisseurs que le concept est viable (on parle de Minimum Viable Product ou MVP).</p>\r\n\r\n<p>Le choix du d&eacute;veloppeur pr&eacute;c&eacute;dent a &eacute;t&eacute; d&rsquo;utiliser le framework PHP Symfony, un framework que vous commencez &agrave; bien conna&icirc;tre !&nbsp;</p>\r\n\r\n<p>Bonne nouvelle !&nbsp;<strong>ToDo &amp; Co</strong>&nbsp;a enfin r&eacute;ussi &agrave; lever des fonds pour permettre le d&eacute;veloppement de l&rsquo;entreprise et surtout de l&rsquo;application.</p>\r\n\r\n<p>Votre r&ocirc;le ici est donc d&rsquo;am&eacute;liorer la qualit&eacute; de l&rsquo;application. La qualit&eacute; est un concept qui englobe bon nombre de sujets : on parle souvent de qualit&eacute; de code, mais il y a &eacute;galement la qualit&eacute; per&ccedil;ue par l&rsquo;utilisateur de l&rsquo;application ou encore la qualit&eacute; per&ccedil;ue par les collaborateurs de l&rsquo;entreprise, et enfin la qualit&eacute; que vous percevez lorsqu&rsquo;il vous faut travailler sur le projet.</p>\r\n\r\n<p>Ainsi, pour ce dernier projet de sp&eacute;cialisation, vous &ecirc;tes dans la peau d&rsquo;un d&eacute;veloppeur exp&eacute;riment&eacute; en charge des t&acirc;ches suivantes :</p>\r\n\r\n<ul>\r\n	<li>l&rsquo;impl&eacute;mentation de nouvelles fonctionnalit&eacute;s ;</li>\r\n	<li>la correction de quelques anomalies ;</li>\r\n	<li>et l&rsquo;impl&eacute;mentation de tests automatis&eacute;s.</li>\r\n</ul>\r\n\r\n<p>Il vous est &eacute;galement demand&eacute; d&rsquo;analyser le projet gr&acirc;ce &agrave; des outils vous permettant d&rsquo;avoir une vision d&rsquo;ensemble de la qualit&eacute; du code et des diff&eacute;rents axes de performance de l&rsquo;application.</p>\r\n\r\n<p>Il ne vous est pas demand&eacute; de corriger les points remont&eacute;s par l&rsquo;audit de qualit&eacute; de code et de performance. Cela dit, si le temps vous le permet,&nbsp;<strong>ToDo &amp; Co</strong>&nbsp;sera ravi que vous r&eacute;duisiez la dette technique de cette application.</p>\r\n\r\n<h3>Description du besoin</h3>\r\n\r\n<h4>Corrections d&#39;anomalies</h4>\r\n\r\n<h5>Une t&acirc;che doit &ecirc;tre attach&eacute;e &agrave; un utilisateur</h5>\r\n\r\n<p>Actuellement, lorsqu&rsquo;une t&acirc;che est cr&eacute;&eacute;e, elle n&rsquo;est pas rattach&eacute;e &agrave; un utilisateur. Il vous est demand&eacute; d&rsquo;apporter les corrections n&eacute;cessaires afin qu&rsquo;automatiquement, &agrave; la sauvegarde de la t&acirc;che, l&rsquo;utilisateur authentifi&eacute; soit rattach&eacute; &agrave; la t&acirc;che nouvellement cr&eacute;&eacute;e.</p>\r\n\r\n<p>Lors de la modification de la t&acirc;che, l&rsquo;auteur ne peut pas &ecirc;tre modifi&eacute;.</p>\r\n\r\n<p>Pour les t&acirc;ches d&eacute;j&agrave; cr&eacute;&eacute;es, il faut qu&rsquo;elles soient rattach&eacute;es &agrave; un utilisateur &ldquo;anonyme&rdquo;.</p>\r\n\r\n<h5>Choisir un r&ocirc;le pour un utilisateur</h5>\r\n\r\n<p>Lors de la cr&eacute;ation d&rsquo;un utilisateur, il doit &ecirc;tre possible de choisir un r&ocirc;le pour celui-ci. Les r&ocirc;les list&eacute;s sont les suivants :</p>\r\n\r\n<ul>\r\n	<li>r&ocirc;le utilisateur (<em>ROLE_USER</em>) ;</li>\r\n	<li>r&ocirc;le administrateur (<em>ROLE_ADMIN</em>).</li>\r\n</ul>\r\n\r\n<p>Lors de la modification d&rsquo;un utilisateur, il est &eacute;galement possible de changer le r&ocirc;le d&rsquo;un utilisateur.</p>\r\n\r\n<h4>Impl&eacute;mentation de nouvelles fonctionnalit&eacute;s</h4>\r\n\r\n<h5>Autorisation</h5>\r\n\r\n<p>Seuls les utilisateurs ayant le r&ocirc;le administrateur (<em>ROLE_ADMIN</em>) doivent pouvoir acc&eacute;der aux pages de gestion des utilisateurs.</p>\r\n\r\n<p>Les t&acirc;ches ne peuvent &ecirc;tre supprim&eacute;es que par les utilisateurs ayant cr&eacute;&eacute; les t&acirc;ches en question.</p>\r\n\r\n<p>Les t&acirc;ches rattach&eacute;es &agrave; l&rsquo;utilisateur &ldquo;anonyme&rdquo; peuvent &ecirc;tre supprim&eacute;es uniquement par les utilisateurs ayant le r&ocirc;le administrateur (<em>ROLE_ADMIN</em>).</p>\r\n\r\n<h4>Impl&eacute;mentation de tests automatis&eacute;s</h4>\r\n\r\n<p>Il vous est demand&eacute; d&rsquo;impl&eacute;menter les tests automatis&eacute;s (tests unitaires et fonctionnels) n&eacute;cessaires pour assurer que le fonctionnement de l&rsquo;application est bien en ad&eacute;quation avec les demandes.</p>\r\n\r\n<p>Ces tests doivent &ecirc;tre impl&eacute;ment&eacute;s avec&nbsp;<strong>PHPUnit</strong>&nbsp;; vous pouvez aussi utiliser Behat pour la partie fonctionnelle.</p>\r\n\r\n<p>Vous pr&eacute;voirez des donn&eacute;es de tests afin de pouvoir prouver le fonctionnement dans les cas explicit&eacute;s dans ce document.</p>\r\n\r\n<p>Il vous est demand&eacute; de fournir un rapport de couverture de code au terme du projet. Il faut que le taux de couverture soit sup&eacute;rieur &agrave; 70 %.</p>\r\n\r\n<h3>Documentation technique</h3>\r\n\r\n<p>Il vous est demand&eacute; de produire une documentation expliquant comment l&rsquo;impl&eacute;mentation de l&#39;authentification a &eacute;t&eacute; faite. Cette documentation se destine aux prochains d&eacute;veloppeurs juniors qui rejoindront l&rsquo;&eacute;quipe dans quelques semaines. Dans cette documentation, il doit &ecirc;tre possible pour un d&eacute;butant avec le framework Symfony de :</p>\r\n\r\n<ul>\r\n	<li>comprendre quel(s) fichier(s) il faut modifier et pourquoi ;</li>\r\n	<li>comment s&rsquo;op&egrave;re l&rsquo;authentification ;</li>\r\n	<li>et o&ugrave; sont stock&eacute;s les utilisateurs.</li>\r\n</ul>\r\n\r\n<p>S&rsquo;il vous semble important de mentionner d&rsquo;autres informations , n&rsquo;h&eacute;sitez pas &agrave; le faire.</p>\r\n\r\n<p>Par ailleurs, vous ouvrez la marche en mati&egrave;re de collaboration &agrave; plusieurs sur ce projet. Il vous est &eacute;galement demand&eacute; de produire un document expliquant comment devront proc&eacute;der tous les d&eacute;veloppeurs souhaitant apporter des modifications au projet.</p>\r\n\r\n<p>Ce document devra aussi d&eacute;tailler le processus de qualit&eacute; &agrave; utiliser ainsi que les r&egrave;gles &agrave; respecter.</p>\r\n\r\n<h3>Audit de qualit&eacute; du code &amp; performance de l&#39;application</h3>\r\n\r\n<p>Les fondateurs souhaitent p&eacute;renniser le d&eacute;veloppement de l&rsquo;application. Cela dit, ils souhaitent dans un premier temps faire un &eacute;tat des lieux de la dette technique de l&rsquo;application.</p>\r\n\r\n<p>Au terme de votre travail effectu&eacute; sur l&rsquo;application, il vous est demand&eacute; de produire un audit de code sur les deux axes suivants : la qualit&eacute; de code et la performance.</p>\r\n\r\n<p>Bien &eacute;videmment, il vous est fortement conseill&eacute; d&rsquo;utiliser des outils vous permettant d&rsquo;avoir des m&eacute;triques pour appuyer vos propos.</p>\r\n\r\n<p>Concernant l&rsquo;audit de performance, l&rsquo;usage de Blackfire est obligatoire. Ce dernier vous permettra de produire des analyses pr&eacute;cises et adapt&eacute;es aux &eacute;volutions futures du projet.</p>\r\n\r\n<h3>De l&#39;aide pour aborder le projet &eacute;tape par &eacute;tape</h3>\r\n\r\n<p>Afin de fluidifier votre avancement voici une proposition de mani&egrave;re de travailler :</p>\r\n\r\n<ul>\r\n	<li><strong><em>&Eacute;tape 1</em></strong>&nbsp;- Prenez connaissance enti&egrave;rement de l&rsquo;&eacute;nonc&eacute; et des sp&eacute;cifications d&eacute;taill&eacute;es.</li>\r\n	<li><strong><em>&Eacute;tape 2</em></strong>&nbsp;- R&eacute;cup&eacute;rez le MVP ici :&nbsp;<a href=\"https://github.com/saro0h/projet8-TodoList\" style=\"color:#986dff\">clonez ce projet</a>.</li>\r\n	<li><strong><em>&Eacute;tape 3</em></strong>&nbsp;- Cr&eacute;ez votre repository&nbsp;<a href=\"https://github.com/new\" style=\"color:#986dff\">GitHub</a>&nbsp;pour le projet et poussez-y l&rsquo;ensemble du projet.</li>\r\n	<li><strong><em>&Eacute;tape 4</em></strong>&nbsp;- Cr&eacute;ez l&rsquo;ensemble des issues sur le repository GitHub (<em>https://github.com/username/nom_du_repo/issues/new</em>).</li>\r\n	<li><strong><em>&Eacute;tape 5</em></strong>&nbsp;- Faites les estimations de l&rsquo;ensemble de vos issues.</li>\r\n	<li><strong><em>&Eacute;tape 6</em></strong>&nbsp;- Entamez le d&eacute;veloppement de l&rsquo;application et proposez des pull requests pour chacune des fonctionnalit&eacute;s/issues.</li>\r\n	<li><strong><em>&Eacute;tape 7</em></strong>&nbsp;- Faites relire votre code &agrave; votre mentor (code propos&eacute; dans la ou les pull requests), et une fois valid&eacute;e(s) mergez la ou les pull requests dans la branche principale. (Cette relecture sert &agrave; valider votre impl&eacute;mentation des bonnes pratiques et la coh&eacute;rence de votre code. La validation se fera en continu durant les sessions.)</li>\r\n	<li><strong><em>&Eacute;tape 8</em></strong>&nbsp;- V&eacute;rifiez la qualit&eacute; ainsi que les performances de votre code &agrave; chaque commit.</li>\r\n	<li><strong><em>&Eacute;tape 9</em></strong>&nbsp;- Effectuez une d&eacute;monstration de l&rsquo;ensemble de l&rsquo;application.</li>\r\n	<li><strong><em>&Eacute;tape 10</em></strong>&nbsp;- Pr&eacute;parez l&rsquo;ensemble de vos livrables et soumettez-les sur la plateforme.</li>\r\n</ul>\r\n\r\n<p>Prenez le temps de valider chaque &eacute;tape avec votre mentor afin de vous assurer que vous avancez dans la bonne direction.&nbsp;<img alt=\"^^\" src=\"https://oc-images.imgix.net/imgix/glad.png?auto=compress,format&amp;q=80\" title=\"^^\" /></p>\r\n\r\n<h3>Livrables</h3>\r\n\r\n<ul>\r\n	<li>Un fichier contenant un lien vers l&rsquo;ensemble du projet sur un repository GitHub (fichiers PHP/HTML/JS/CSS&hellip;)</li>\r\n	<li>Les instructions pour installer le projet (dans un fichier README &agrave; la racine du projet)</li>\r\n	<li>Les issues sur le repository GitHub</li>\r\n	<li>Documentation technique concernant l&rsquo;impl&eacute;mentation de l&rsquo;authentification (fichier au format PDF)</li>\r\n	<li>L&rsquo;ensemble des fichiers HTML g&eacute;n&eacute;r&eacute;s par PHPUnit indiquant le niveau de code coverage de l&rsquo;application (un minimum de 70 %)</li>\r\n	<li>Document expliquant comment contribuer au projet (fichier markdown &ldquo;<em>.md</em>&rdquo;)</li>\r\n	<li>Le rapport d&rsquo;audit de qualit&eacute; de code et de performance (fichier au format PDF)</li>\r\n</ul>\r\n\r\n<p>Pour faciliter votre passage au jury, d&eacute;posez sur la plateforme, dans un dossier nomm&eacute; &ldquo;<em>P8_nom_prenom</em>&rdquo;, tous les livrables du projet. Chaque livrable doit &ecirc;tre nomm&eacute; avec le num&eacute;ro du projet et selon l&#39;ordre dans lequel il appara&icirc;t, par exemple &ldquo;<em>P8_01_projet</em>&rdquo;, &ldquo;<em>P8_02_instructionsREADME</em>&rdquo;, et ainsi de suite.</p>\r\n\r\n<h3>Soutenance</h3>\r\n\r\n<p>Il vous sera demand&eacute; de pr&eacute;senter le projet en soutenance.</p>\r\n\r\n<p>Il vous est demand&eacute; de vous mettre en situation r&eacute;elle : en effet, il s&#39;agit d&#39;un rendez-vous professionnel. Vous vous adresserez &agrave; votre directeur technique qui validera que le projet est pr&ecirc;t &agrave; &ecirc;tre pr&eacute;sent&eacute; au client ainsi qu&#39;&agrave; un d&eacute;veloppeur qui sera &agrave; m&ecirc;me de reprendre le projet et/ou de travailler en collaboration avec vous.</p>\r\n\r\n<p>Voici, sous forme d&#39;&eacute;tapes, comment devrait se d&eacute;rouler la soutenance :&zwnj;&zwnj;</p>\r\n\r\n<table>\r\n	<tbody>\r\n		<tr>\r\n			<td><strong>&Eacute;tapes</strong></td>\r\n			<td><strong>Temps &agrave; passer</strong></td>\r\n		</tr>\r\n		<tr>\r\n			<td>\r\n			<p>&Eacute;tape 1 :&nbsp;<strong>Pr&eacute;sentation du contexte du projet, analyse du besoin &amp; organisation du projet</strong></p>\r\n\r\n			<ul>\r\n				<li><strong>Pr&eacute;sentation du contexte du projet :</strong>&nbsp;il s&#39;agit de rappeler le contexte du projet dans le cadre du parcours que vous suivez.</li>\r\n				<li><strong>Analyse du besoin :</strong>&nbsp;vous choisirez l&#39;une des fonctionnalit&eacute;s d&eacute;velopp&eacute;es et il vous faudra pr&eacute;senter les sch&eacute;mas UML correspondants (diagrammes d&rsquo;utilisation, de classes et de s&eacute;quence, mod&egrave;le de donn&eacute;es).</li>\r\n				<li><strong>Organisation du projet :</strong>&nbsp;vous expliciterez la m&eacute;thodologie adopt&eacute;e, l&#39;organisation de votre travail (d&eacute;coupage en t&acirc;ches, priorisation, les estimations&hellip;).</li>\r\n			</ul>\r\n			</td>\r\n			<td>~ 10 minutes</td>\r\n		</tr>\r\n		<tr>\r\n			<td>\r\n			<p>&Eacute;tape 2 :&nbsp;<strong>D&eacute;monstration de l&#39;application</strong></p>\r\n\r\n			<p>Il s&#39;agit de pr&eacute;senter l&#39;ensemble des fonctionnalit&eacute;s de l&#39;application.&zwnj;</p>\r\n\r\n			<p>Il vous faudra &eacute;galement pr&eacute;senter les r&eacute;sultats d&#39;audit de qualit&eacute; et de performance. Vous exposerez les propositions de solutions pour rem&eacute;dier &agrave; la dette technique.</p>\r\n			</td>\r\n			<td>~ 5 minutes</td>\r\n		</tr>\r\n		<tr>\r\n			<td>\r\n			<p>&Eacute;tape 3 :&nbsp;<strong>Ex&eacute;cution</strong></p>\r\n\r\n			<p>Vous pr&eacute;senterez le projet du point de vue technique cette fois-ci. Il s&#39;agit de :</p>\r\n\r\n			<ul>\r\n				<li>l&rsquo;architecture de l&rsquo;application (o&ugrave; sont les fichiers, et &agrave; quoi ils servent);</li>\r\n				<li>les librairies qui ont &eacute;t&eacute; choisies pour &ecirc;tre mises en place (installation avec Composer) ;</li>\r\n				<li>la documentation expliquant comment l&rsquo;authentification a &eacute;t&eacute; impl&eacute;ment&eacute;e ;</li>\r\n				<li>la documentation pr&eacute;sentant le niveau de couverture de code des tests ;</li>\r\n				<li>la documentation expliquant comment il est possible de contribuer au projet.</li>\r\n			</ul>\r\n			</td>\r\n			<td>~ 5 minutes</td>\r\n		</tr>\r\n		<tr>\r\n			<td>\r\n			<p>&Eacute;tape 4 :&nbsp;<strong>Questions-R&eacute;ponses</strong></p>\r\n\r\n			<p>Une session de questions-r&eacute;ponses autour de ce que vous aurez expos&eacute; sera &agrave; mener.&zwnj;&zwnj;</p>\r\n			</td>\r\n			<td>~ 5 minutes</td>\r\n		</tr>\r\n		<tr>\r\n			<td>\r\n			<p><strong>Total</strong></p>\r\n			</td>\r\n			<td><strong>30 minutes maximum</strong></td>\r\n		</tr>\r\n	</tbody>\r\n</table>\r\n\r\n<p>&nbsp;</p>\r\n\r\n<h3>Comp&eacute;tences &eacute;valu&eacute;es</h3>\r\n\r\n<ul>\r\n	<li>\r\n	<p>Lire et retranscrire le fonctionnement d&rsquo;un morceau de code &eacute;crit par d&rsquo;autres d&eacute;veloppeurs</p>\r\n	</li>\r\n	<li>\r\n	<p>Proposer une s&eacute;rie d&rsquo;am&eacute;liorations</p>\r\n	</li>\r\n	<li>\r\n	<p>Impl&eacute;menter de nouvelles fonctionnalit&eacute;s au sein d&rsquo;une application d&eacute;j&agrave; initi&eacute;e en suivant un plan de collaboration clair</p>\r\n	</li>\r\n	<li>\r\n	<p>Mettre en &oelig;uvre des tests unitaires et fonctionnels</p>\r\n	</li>\r\n	<li>\r\n	<p>Produire un rapport de l&rsquo;ex&eacute;cution des tests</p>\r\n	</li>\r\n	<li>\r\n	<p>Analyser la qualit&eacute; de code et la performance d&rsquo;une application</p>\r\n	</li>\r\n	<li>\r\n	<p>&Eacute;tablir un plan pour r&eacute;duire la dette technique d&rsquo;une application</p>\r\n	</li>\r\n	<li>\r\n	<p>Fournir des patchs correctifs lorsque les tests le sugg&egrave;rent</p>\r\n	</li>\r\n</ul>\r\n', '2021-04-16 09:09:14', 1, 1);

-- --------------------------------------------------------

--
-- Structure de la table `comment`
--

CREATE TABLE `comment` (
  `comment_id` int(10) UNSIGNED NOT NULL,
  `content` text NOT NULL,
  `comment_date` datetime NOT NULL,
  `validation` tinyint(1) NOT NULL,
  `user_id` int(10) UNSIGNED NOT NULL,
  `article_id` int(10) UNSIGNED NOT NULL
) ENGINE=InnoDB DEFAULT CHARSET=utf8;

--
-- Déchargement des données de la table `comment`
--

INSERT INTO `comment` (`comment_id`, `content`, `comment_date`, `validation`, `user_id`, `article_id`) VALUES
(13, 'Tous mes projets, anciens et à venir seront répertoriés sur le blog. Restez à l\'affut !', '2021-03-02 15:41:41', 1, 1, 39),
(32, 'Ce projet est en fait le Blog que vous avez le plaisir de parcourir...', '2021-04-05 17:58:07', 1, 1, 51),
(34, 'Ça à l\'air d\'être beaucoup de boulot. Bravo !', '2021-04-28 10:31:22', 1, 80, 39),
(35, 'Chouette, un WordPress !', '2021-04-28 10:31:55', 1, 80, 46),
(36, 'La programmation fait envie en tous cas...', '2021-04-28 10:32:38', 1, 80, 49),
(37, 'Je ne connaissais absolument rien de ces diagrammes UML !', '2021-04-28 10:33:20', 1, 80, 50),
(38, 'Le fameux Blog !!', '2021-04-28 10:33:42', 1, 80, 51),
(39, 'Cool ! J\'adore le snowboard !!', '2021-04-28 10:34:10', 1, 80, 52),
(40, 'C\'est quoi une API ??', '2021-04-28 10:34:39', 1, 80, 53),
(41, 'Indispensable de nos jours les ToDo Lists...', '2021-04-28 10:35:29', 1, 80, 54);

-- --------------------------------------------------------

--
-- Structure de la table `media`
--

CREATE TABLE `media` (
  `media_id` int(10) UNSIGNED NOT NULL,
  `caption` varchar(255) NOT NULL,
  `file_name` varchar(50) NOT NULL,
  `article_id` int(11) UNSIGNED NOT NULL
) ENGINE=InnoDB DEFAULT CHARSET=utf8;

--
-- Déchargement des données de la table `media`
--

INSERT INTO `media` (`media_id`, `caption`, `file_name`, `article_id`) VALUES
(14, 'Chalets & Caviar', 'media/article/60684802e4791.png', 46),
(17, 'Les Films de Plein Air', 'media/article/60687942ba4dd.jpeg', 49),
(18, 'Expressfood', 'media/article/60687d203a23f.png', 50),
(19, 'Blog PHP CoyoTech', 'media/article/606b4f512e2cc.jpeg', 51),
(20, 'SnowTricks', 'media/article/606b52a0e81da.jpg', 52),
(21, 'BileMo', 'media/article/606b538490f9a.jpeg', 53),
(22, 'ToDo & Co', 'media/article/606b569512c8f.png', 54),
(25, 'Blog CoyoTech', 'media/article/60794d86dd283.png', 39);

-- --------------------------------------------------------

--
-- Structure de la table `user`
--

CREATE TABLE `user` (
  `user_id` int(10) UNSIGNED NOT NULL,
  `first_name` varchar(255) DEFAULT NULL,
  `last_name` varchar(255) DEFAULT NULL,
  `nickname` varchar(255) DEFAULT NULL,
  `login` varchar(255) NOT NULL,
  `email` varchar(255) DEFAULT NULL,
  `password` varchar(255) NOT NULL,
  `active_account` tinyint(1) NOT NULL,
  `role` enum('Administrator','Author','Visitor') NOT NULL,
  `token` text,
  `token_date` datetime DEFAULT NULL
) ENGINE=InnoDB DEFAULT CHARSET=utf8;

--
-- Déchargement des données de la table `user`
--

INSERT INTO `user` (`user_id`, `first_name`, `last_name`, `nickname`, `login`, `email`, `password`, `active_account`, `role`, `token`, `token_date`) VALUES
(1, 'Nicolas', 'Jumeaucourt', 'Nicolas (Administrateur)', 'contact@coyotech.fr', 'contact@coyotech.fr', '$2y$10$8xl4uDj1gxNiEeucrgcIJOSDw./BNwBssBA3..B2gGB3f3tzV558a', 1, 'Administrator', NULL, NULL),
(79, 'Admin', 'Test', 'Admin', 'test-admin@coyotech.fr', 'test-admin@coyotech.fr', '$2y$10$uSRcam94gGT3javw6xVkdeaG6J/ULvkoTcXb7Ly739GYO.ufUqA5O', 1, 'Administrator', NULL, NULL),
(80, 'Visiteur', 'Test', 'Visitor', 'test-visitor@coyotech.fr', 'test-visitor@coyotech.fr', '$2y$10$rD8Rfa.4b0H.zVrVWhyHbenYIWqOGc60JDdVVJcyLsbxOjVFHv3cy', 1, 'Visitor', NULL, NULL);

--
-- Index pour les tables déchargées
--

--
-- Index pour la table `article`
--
ALTER TABLE `article`
  ADD PRIMARY KEY (`article_id`),
  ADD KEY `fk_user_id` (`user_id`);

--
-- Index pour la table `comment`
--
ALTER TABLE `comment`
  ADD PRIMARY KEY (`comment_id`),
  ADD KEY `fk_article_id` (`article_id`),
  ADD KEY `fk_user_coment_it` (`user_id`);

--
-- Index pour la table `media`
--
ALTER TABLE `media`
  ADD PRIMARY KEY (`media_id`),
  ADD KEY `fk_media_article_id` (`article_id`);

--
-- Index pour la table `user`
--
ALTER TABLE `user`
  ADD PRIMARY KEY (`user_id`);

--
-- AUTO_INCREMENT pour les tables déchargées
--

--
-- AUTO_INCREMENT pour la table `article`
--
ALTER TABLE `article`
  MODIFY `article_id` int(10) UNSIGNED NOT NULL AUTO_INCREMENT, AUTO_INCREMENT=55;

--
-- AUTO_INCREMENT pour la table `comment`
--
ALTER TABLE `comment`
  MODIFY `comment_id` int(10) UNSIGNED NOT NULL AUTO_INCREMENT, AUTO_INCREMENT=42;

--
-- AUTO_INCREMENT pour la table `media`
--
ALTER TABLE `media`
  MODIFY `media_id` int(10) UNSIGNED NOT NULL AUTO_INCREMENT, AUTO_INCREMENT=26;

--
-- AUTO_INCREMENT pour la table `user`
--
ALTER TABLE `user`
  MODIFY `user_id` int(10) UNSIGNED NOT NULL AUTO_INCREMENT, AUTO_INCREMENT=81;

--
-- Contraintes pour les tables déchargées
--

--
-- Contraintes pour la table `article`
--
ALTER TABLE `article`
  ADD CONSTRAINT `fk_user_id` FOREIGN KEY (`user_id`) REFERENCES `user` (`user_id`) ON DELETE CASCADE ON UPDATE CASCADE;

--
-- Contraintes pour la table `comment`
--
ALTER TABLE `comment`
  ADD CONSTRAINT `fk_article_id` FOREIGN KEY (`article_id`) REFERENCES `article` (`article_id`) ON DELETE CASCADE ON UPDATE CASCADE,
  ADD CONSTRAINT `fk_user_coment_it` FOREIGN KEY (`user_id`) REFERENCES `user` (`user_id`) ON DELETE CASCADE ON UPDATE CASCADE;

--
-- Contraintes pour la table `media`
--
ALTER TABLE `media`
  ADD CONSTRAINT `fk_media_article_id` FOREIGN KEY (`article_id`) REFERENCES `article` (`article_id`) ON DELETE CASCADE ON UPDATE CASCADE;

/*!40101 SET CHARACTER_SET_CLIENT=@OLD_CHARACTER_SET_CLIENT */;
/*!40101 SET CHARACTER_SET_RESULTS=@OLD_CHARACTER_SET_RESULTS */;
/*!40101 SET COLLATION_CONNECTION=@OLD_COLLATION_CONNECTION */;
